temperature_c,pressure_psi,speed_rpm,quality_score
154.96714153011231,56.99677718293001,966.2410862512809,92.36626091169454
148.61735698828815,54.62316841456384,992.7740664642241,96.42642102049459
156.47688538100692,50.29815184960087,960.3790039500019,95.57408579238447
165.23029856408024,46.76531611147213,984.601923518048,85.13756716407808
147.65846625276663,53.49111656806795,905.3192666523107,89.95349036618951
147.6586304305082,51.96742692710875,1010.6646853686469,95.28375663093229
165.79212815507393,54.47596610013866,1000.0602737681112,81.3456720248442
157.6743472915291,53.175859008409844,959.1455684465905,91.77976760485876
145.30525614065047,55.247763576596675,1032.9622834216202,95.69473567504404
155.42560043585965,47.32382394219716,1046.878506881328,95.01096893392719
145.36582307187538,56.58697032817163,919.6220067815512,87.39016360493706
145.34270246429742,50.987998023462,961.8637610716893,96.76525232522796
152.41962271566035,60.37630436312632,961.5428825106351,91.53336047939177
130.86719755342202,46.55406090955216,953.0048449445568,50.0
132.75082167486968,58.67981901582625,1041.4737420965873,57.11066243875476
144.37712470759027,50.98955391731324,990.3086930613598,96.17200804346444
139.87168879665577,46.74290998192776,986.7742579344695,81.17065356024735
153.14247332595275,47.580570829728394,899.8068817796623,83.58187854248771
140.91975924478788,48.3982634590284,1031.7709015104613,85.47266692961686
135.87696298664707,52.12082973200958,938.0370802573264,71.20603295898215
164.65648768921554,52.6141774401775,1002.9966315133164,86.2425971959057
147.74223699513465,47.131499980307105,1013.8688468979096,96.32021316087335
150.67528204687923,49.87822703869509,1068.0329297919325,94.3102607553262
135.75251813786542,60.71135179305932,934.5589800440443,66.91169000716867
144.55617275474816,58.637715850503554,849.0243922089587,65.00909087636782
151.10922589709867,52.18161834837016,1009.1924772376848,98.9892978655684
138.49006422577696,50.190017390841,1090.0255590755428,73.99160643926594
153.75698018345673,50.600156633591304,1061.947317646972,96.74427560652622
143.99361310081196,53.06758986365208,1010.4829707637313,92.24652442742217
147.08306250206724,44.886037174007974,975.4181907183977,95.17796216811627
143.98293387770602,48.71311731288328,1040.3561298318655,86.70590153601253
168.52278184508938,41.65707963061205,951.3226900147765,64.64928262645701
149.86502775262065,51.9961156130264,1023.8178884678109,99.8343026486101
139.42289071044098,53.2359796985137,1025.2735079583313,81.32831365821136
158.2254491210319,47.58406768850313,1053.010495374944,92.84880446959015
137.79156350028978,57.869933816450164,1137.983001945554,59.306669866948624
152.08863595004755,43.8711716849883,1019.6207983589384,96.38813057963263
130.40329876120225,42.6781255989509,974.551818714625,50.0
136.7181395110157,51.12225909279986,998.7212843904002,74.71862639105396
151.96861235869125,55.23549151306077,911.5462047555441,90.86563561119658
157.3846657999541,58.419638457289345,965.2643434455471,94.36185218334566
151.7136828118997,47.7055786856553,979.5358780943448,99.34430729352675
148.8435171761176,55.393404167156476,973.7955801032704,96.17882744820214
146.98896304410712,49.80745765249647,1007.6177436016861,97.80824579113867
135.21478009632574,49.1368635002959,958.87900338089,71.39035861602764
142.8015579160529,54.41829968743336,1056.0515333662236,83.71297073531191
145.39361229040213,53.261614392067095,1000.0103532459099,97.69796718284925
160.57122226218917,42.11803921507875,999.5349839430693,88.036227806676
153.43618289568462,57.38270174862948,983.6052641743541,98.33898629210414
132.36959844637266,56.90045677073726,1007.759534192949,62.058247455566494
153.24083969394795,46.87218649245235,1041.2549132333818,94.54877420738289
146.14917719583684,51.979017667187044,956.643489214455,93.23019443944305
143.2307799969404,52.47015093141369,967.0941755462371,90.54212019100387
156.1167628884087,51.303368829119535,984.8136985611668,96.50249390609805
160.30999522495952,47.2484742307729,932.7064538263393,91.33215245130326
159.31280119116198,46.641883160309746,959.0371070139252,90.3111319649922
141.60782476777362,49.87222964504277,976.188956322767,87.45861673562122
146.90787624148786,55.86364509629682,1043.7194590356364,94.72166234650027
153.31263431403565,52.71800077297216,1013.1280664500963,97.10347760209464
159.7554512712236,48.14692833956947,1009.6794955683772,92.6932426050193
145.2082576215471,53.85849355324172,1042.5448981083987,93.80351244422278
148.14341023336183,35.75728689684962,993.1314105800302,86.18275807055342
138.9366502599397,55.74382850186052,1019.5232424964445,81.24176319875859
138.0379337591933,41.301431106109504,994.8389123533752,74.71765764866267
158.12525822394198,48.18779529298434,1013.2681174699815,92.6477128437363
163.56240028570824,44.40165052686928,970.8620671194209,84.24834646495253
149.27989878419666,43.52659262139547,878.0591420861786,85.10780735978518
160.03532897892023,55.8041339368926,993.2860418906848,92.38108970394555
153.61636025047633,47.661493993440544,1071.137406804997,94.5714544238318
143.54880245394875,51.73251940865358,1046.3107701120796,92.07165485141887
153.61395605508415,49.76539710560408,1048.2698742295586,94.79466061865237
165.38036566465968,52.385204136115604,1061.8065360903108,81.58562335584037
149.64173960890048,50.38410945530128,1004.4328795480719,99.80990190638255
165.64643655814007,43.58503887905715,1009.8657853702798,81.79477458241692
123.80254895910255,54.9813340972357,969.1174052282825,50.0
158.21902504375223,47.531217084193436,984.1963571986475,98.91711872399159
150.87047068238172,42.21709050670125,1030.788557488557,96.6178171095336
147.00992649534132,47.85942419517044,1060.1942218584409,94.49949164907783
150.91760776535503,57.503798953171554,993.02768621595,98.1873084130773
130.12431085399106,54.251108710567465,977.4905367574294,50.61320387470475
147.80328112162488,48.2567393279607,1000.0263979428298,100.0
153.57112571511746,48.25371147840786,1030.0603374464558,98.75314721883952
164.77894044741515,48.391824743913084,927.8072591933229,74.18380796346413
144.81729781726352,60.383739917804206,885.1909523431381,75.02265984587207
141.91506397106812,51.90967726115777,972.4731575254208,88.658612332256
144.98242956415464,52.15020823595535,938.964378704292,91.90387246786999
159.15402117702075,55.151417270159214,974.5929901176345,93.26159170336264
153.28751109659686,51.19394579513257,992.6109840591264,100.0
144.7023979623296,48.704789270896484,977.3375795488494,89.9953118066473
155.13267433113356,49.01825075457511,1072.6233767235371,93.83528967620013
150.9707754934804,49.64199370292968,1016.337238230116,95.89899683261194
159.68644990532889,49.813888817450795,1015.0237179805414,95.31521828742804
142.97946906122647,53.6381477181849,1031.11035720217,90.35823923498411
146.72337853402232,50.2597294290365,943.0583441109616,94.7851943332292
146.0789184686784,53.6632003860779,1051.9555893710135,91.71229834705508
135.36485051867882,49.596417099457085,996.211785673227,74.77325722100508
152.96120277064577,50.39317595158045,1033.5240308620607,100.0
152.61055272179888,40.00899657733946,946.4071383479923,92.21750851151614
150.05113456642462,54.581638373512405,922.3120616991968,92.68433542909439
147.65412866624854,51.73244237948996,1040.8944829012514,97.57187248191362
135.84629257949587,54.99005054929826,1018.8204763048758,71.34175302366013
145.79354677234642,35.518723109031555,954.8974222821245,83.84136592579758
146.5728548347323,60.44187352390364,956.5168459362653,94.0053378547589
141.9772273077838,49.30205185922413,1056.2717392207385,88.7849638466099
148.38714288333992,55.54091408368758,940.5294053566336,92.66777474283782
154.04050856814538,44.800470364372345,1082.1336476627982,91.63882264933078
168.8618590121053,53.063869525312846,954.9689632676066,66.74071583800112
151.7457781283184,44.732922184131716,1031.9195962804192,98.15564390213484
152.57550390722764,46.88115519652097,983.5690762125507,99.74986696873538
149.25554084233832,59.570156769333934,1030.1593715541171,90.92519466904108
130.8122878470096,49.04658799618327,972.7942998942904,51.853576643302986
149.73486124550783,51.087164365898616,991.8603546963853,98.85400314179945
150.60230209941025,54.35033865344377,1002.045958769786,98.6375001616614
174.63242112485287,52.47840943986302,949.8906272109264,50.0
148.07639035218878,50.75209452571788,1037.0412172710062,97.8633615587378
153.01547342333612,51.824805012331126,974.3393216764207,99.70734301308629
149.65288230294757,62.01707792619138,988.570004232999,92.86112048283896
138.31321962380468,49.711906014832074,950.2825312695744,77.20083529037062
161.4282281451502,51.005495233574834,871.8833170602345,76.7943796997649
157.51933032686773,55.25327198003806,990.4486118699915,99.26876835844949
157.91031947043047,55.52762966478992,1120.630771080646,79.9629349574665
140.9061254520526,55.9351515278019,1039.2302143949012,83.71146516554266
164.027943109361,53.19365111014592,999.0369810132803,86.27374112140053
135.9814893720772,44.28497543634758,986.8554585395866,71.19731625209114
155.8685709380027,58.16715766150548,1001.1232946406024,95.65495225034418
171.90455625809977,44.26827303490656,1027.3559557587605,58.846014608159884
140.09463674869312,51.51317732619517,940.9593592345577,78.50855560002853
144.33702270397228,46.22862074990321,1055.7160847334435,92.52189745032474
150.9965136508764,49.67930826703504,1035.7690657720623,98.67802516448873
144.96524345883802,51.6438120515174,1035.9092862853968,92.91803221212298
134.49336568933867,51.606786077251364,1021.9237869404864,68.67424530184552
150.68562974806028,52.109603771176424,1000.9808328846995,99.68957873452447
139.37696286273896,58.06855634529323,1033.643061798341,76.97341068874675
154.73592430635182,52.2676715075699,1029.5907066870689,100.0
140.80575765766196,48.779216823546754,982.2979644529488,86.99158914429191
165.4993440501754,54.820435841441785,971.319911355155,81.1104412967893
142.16746707663762,55.947352444623206,1005.0928147630993,90.98547759947037
146.77938483794324,43.861960924315035,1077.4510075747594,86.68595415120399
158.1351721736967,52.98700034924929,938.044646217305,93.14703565624549
137.69135683566046,53.50586371155449,926.623736712378,73.29294723666364
152.2745993460413,48.51218248320004,1008.2380420618258,100.0
163.07142754282427,56.878534066558096,1002.5443850928009,81.75356234161157
133.92516765438774,49.249722064837364,1008.6670832185204,66.9035629932857
151.84633858532305,50.62788226735771,1012.197659895425,98.63629101812423
152.59882794248423,49.134640878580655,988.8398872682598,100.0
157.8182287177731,50.077895237907335,1074.4931719301042,91.96316330968268
137.63049289121918,44.51862456552399,919.9548010761742,69.42882950853941
136.79543386915725,42.799745587028525,958.5751487609878,70.37954222688366
155.21941565616896,57.97252531612486,994.8372619925476,96.28474621823305
152.96984673233186,45.76519325840836,917.8405594422916,89.99232152310184
152.50492850345876,45.04303825271846,991.2072797783965,99.80689051971957
153.46448209496975,39.23304943198143,1083.073508286401,85.22285075593605
143.1997527842151,46.80519126155249,1001.0443244147981,85.56067682437259
152.32253697161005,43.384551032962506,1011.5350452859342,96.20714245872466
152.93072473298682,58.21007580068185,936.991761741371,91.26698976441764
142.85648581973632,55.04908544671317,969.1819295980262,86.60755510156957
168.65774511144755,46.55924827411138,981.2401809838032,68.43915489968977
154.73832920911786,61.26217902672154,984.1142451621884,93.95099913232391
138.08696502797352,54.90882743495797,1064.0821897501885,78.4295538042201
156.56553608633828,48.37584308245689,1027.8845530362562,97.42009869773798
140.2531832977268,37.50297142563213,944.4271021531484,72.7913869679263
157.8708460374245,61.45471286295371,1012.3252389216002,91.84816250401207
161.58595579007405,43.05213766618202,1024.9110874248393,86.11377647808247
141.79317681648288,41.77300626521554,1057.0074519260634,80.68615506752545
159.6337612924432,55.1128521600482,1079.0270343284187,84.77279371726789
154.12780926936497,62.19876203169636,949.2452904086066,87.19693105998215
158.2206015999449,56.921364092552594,959.4571244394831,91.95371176581328
168.9679298265395,52.8195456002618,937.1211070542691,67.40575023235114
147.54611883997129,52.97377170832643,988.2990070446509,97.49134494723371
142.46263835642512,54.267077793901535,1023.3179187223167,88.99452423296115
141.10485570374476,53.79464294893383,1049.3667258294552,83.41051587526225
141.84189715034563,51.40595711984688,996.2024488178739,90.87512557881573
149.22898290585897,50.52100551975938,984.0076238372578,96.33065470556896
153.41151974816643,49.68703436050239,1007.587899612437,100.0
152.76690799330018,46.230177055666616,958.2428549184989,95.0555314637558
158.27183249036023,48.59662461566613,1104.4769360847386,83.35730041102448
150.13001891877906,41.535215929023074,919.6169486440971,85.77620487355958
164.53534077157317,49.50830186602625,1009.2370289447862,83.0871380104104
147.35343166762044,45.057044464245415,1101.180310961482,87.7881738389487
177.2016916658962,44.48205341392114,1000.3399922279999,50.0
156.25667347765005,50.89947075576739,990.4980482499253,100.0
141.42842443583717,56.960011431723,982.1277288594787,87.77295921195366
139.29107501938887,54.59158303001156,990.9804159118796,80.91465659646308
154.82472415243186,42.14749698188412,1068.6424237338265,89.91039207726996
147.7653721467415,45.05185931714831,889.4069044335247,82.6465427700805
157.14000494092093,54.70385593994108,1076.6716850648163,93.45470999693872
154.73237624573545,45.08756303230845,928.8021423774927,90.04285423744034
149.27171087343126,48.87683425001488,986.6673835382793,100.0
141.53206281931594,52.75026049512276,978.5377789850669,90.21433933740956
134.85152775314134,45.15827772568183,1029.427663488536,71.67995702839625
145.53485047932978,50.5268775307298,920.0937824058126,88.60461512852272
158.56398794323474,43.32987252540898,1023.1086333040971,93.6404988402602
152.14093744130204,46.99316178024393,1101.2154811643427,93.5140060835473
137.54261221288013,51.598909670712686,931.8412997703595,73.19956742673867
151.73180925851182,42.03503133234165,1009.4853083805198,92.81422264187493
153.85317379728838,52.202373689801995,966.9008911101696,94.7287184860916
141.16142563798866,49.901811005366596,1021.2943603096518,89.16420390324373
151.5372510594553,52.76244977208574,1000.9573888707876,96.05605787227915
150.58208718446,51.119570670323306,967.9256545477845,98.02483572542876
138.57029702169376,56.82070214986922,1024.3936142435537,80.54985707378727
153.57787360348283,50.62612251323954,1090.2174054893371,91.97521309082025
155.60784526368235,47.852972294373735,990.4548104136351,98.96293517046222
160.83051243175277,50.61148751516142,1035.987897107409,91.34410889511045
160.53802052034902,52.716490145181936,935.3363521064418,90.93924790620929
136.2233063204291,50.244300351628524,952.1781811590996,70.88948043744178
140.62174960084877,50.20295845601941,1023.6203138940189,85.1098685189109
155.1503526720866,46.490041560966226,1074.2058014267982,90.93872169212203
155.13785950912208,46.68549541224526,1017.780667439283,99.42886776735223
155.15047686306048,42.98697364100153,984.3470984738423,97.3528038326344
188.52731490654722,58.7478837159347,999.9645702711678,50.0
155.70890510693167,43.780683823043574,937.4796133015142,94.47666456848604
161.355656401806,46.53547401102046,1030.2257663177684,86.98089102957188
159.540017634932,46.40796367215401,1044.1166531161705,94.64864266560832
156.513912513058,54.474621884722204,977.3954833583459,99.89432259117804
146.84730755359655,48.52525160853986,976.4978926120249,97.95765201804153
157.58969220493267,56.23871036336867,1013.2939114826024,98.89019952688302
142.2717478546243,46.63254687878066,978.1640131979702,85.7923219463229
147.63181393259993,51.39497081111901,996.6933692687089,97.02426487165697
145.14636452170896,45.823264733701215,1104.9860894583258,81.47015277108846
150.81874139386323,60.72574563886694,987.6487149627002,96.42136080438787
173.1465856667351,44.062007904852436,982.0829923989389,50.45410410774611
131.32734807408252,51.54910355113514,967.622909718242,57.71578482305444
156.86260190374514,53.168884404660496,1037.2095985749968,98.75682535641147
133.87284128810347,52.06899548725749,990.9387913390949,68.39177443355408
145.28068134210565,49.07356170561146,967.5313480839287,94.81280614233897
160.88950596967365,49.35089650133287,1066.0652016136505,85.62133369799406
150.64280019095463,50.21905735989555,1070.9801502256819,93.05342363916495
139.22255222070694,49.264989991857554,969.9788217130647,85.12113650318354
142.84696290740033,54.81939558397455,906.6730024319692,83.74157159955266
156.79597748934677,61.05261500795676,1050.3756844918462,90.03135794048089
142.69633368282862,47.21254107496083,965.7685087119999,88.61932296309794
152.16458589581976,43.15098510210461,1039.5312799581384,91.30260156356906
150.45571839903815,49.55858975824373,901.4948091144082,87.81265879066532
143.48399652394184,62.898546688271594,1044.6298669149655,87.5000109683595
171.43944089325325,45.98162716015135,939.441403535961,54.72335573008555
156.3391902231801,58.195584027220335,1036.5382059533263,94.57224049422086
129.74857413342392,58.388504070382204,1000.7136533918217,50.0
151.86454314769426,47.23205879146003,952.3030290301677,94.50344972086405
143.3821353523161,52.84491539592638,979.648184353661,92.35827979997332
158.52433334796223,58.14198311564269,1034.315922847835,93.89115980938328
142.074792615673,48.10436129506257,1005.2947226557617,89.72675421814657
148.852635585331,48.98209819948819,1029.2206490236242,100.0
155.04987278980457,47.09159543025678,1098.8220292257743,85.20305430450533
158.65755194170123,44.92621634653567,921.7879194144474,89.72348533114727
137.99703592944223,46.75361227466996,1080.8606287484313,72.60606453179058
146.6549876415905,43.880298666188715,1005.2177968761606,96.12519184014376
145.25054688839043,50.17041734129613,955.0607975838436,94.2731602896355
143.4667076742629,46.150133844706794,933.4843187130505,85.65158387085164
167.65454240281096,51.168929558953735,990.5439804611483,75.86067983546448
154.04981710960956,42.22052176898186,1046.082505596223,89.88646285644664
137.39116045664954,51.654401161072286,993.6225439811233,79.80259173155345
159.17861947054777,54.16764480804462,1075.5577465123674,89.23238744216452
171.22156197012634,40.03132178714272,927.441215497422,53.050103584793426
160.32465260551146,51.87028284923786,999.3955526076973,95.14801758139548
134.80630034045987,56.13834496236646,937.380327779344,65.93155608553616
145.15765927133748,43.951794906543974,1018.1815941312484,92.79998605776073
162.66911149186623,58.362861934188516,1044.344369504865,82.1778594242101
142.9233053438122,52.095095046830224,978.9619103159473,89.83435700890122
154.43819428146227,46.47494072120796,869.7893071686433,83.8003575034881
157.74634053429338,49.72115461171147,1009.9474073398247,99.38990466866389
140.73069528421917,52.791634562608614,1021.8369275866755,86.18670712294147
149.404746439382,50.38002695706206,1020.2147377480849,98.99061743919418
117.58732659930928,52.693779962231844,1061.7891095911077,50.0
139.7561235866571,45.39663203460317,946.4473160175476,82.91648613850727
147.4743184860684,50.84680412018039,1034.0108052725225,98.12474600666421
137.5221681803515,42.9314275154751,1059.6253756238987,76.11139493793226
166.32411303931636,49.443869693256495,911.0706207996742,69.6958208477956
135.69858622039368,45.48046179267605,1015.9825912959489,70.89166675493091
145.59955513303015,46.322350287051165,974.7910084496165,94.63680879869925
151.3074057728609,56.18046587605219,995.9238663449177,99.88653419888374
164.41273289066115,55.45655060297135,1017.3838241769168,82.86583143655845
135.64137848820562,53.045690604535885,975.6385717943224,70.6909063557837
161.6316375215496,44.538436176637106,966.2145960419194,89.25692705041465
150.10233061019588,48.41795775152599,1001.7076208744012,100.0
140.18491348952048,56.06548849989592,945.6377030568599,79.969606857798
154.6210347426327,50.70858456819953,945.7087435557407,99.07211661601133
151.9905969557347,61.59664769990847,1033.9686641478252,95.57207130888254
143.99783122841205,51.96658919697186,942.5602982420672,90.51908841777245
150.6980208499002,50.960245582450156,1033.3156250454606,98.87967086116714
146.1468640313824,48.4544176789875,1023.1295646426976,96.823219247306
151.13517345251248,50.66770452391141,913.7096635604702,90.75025818674487
156.62130674521046,49.23765081809728,966.1217673832173,96.62138697781089
165.86016816145352,53.54054338344295,1059.7054701523687,72.59734556413149
137.62184501173152,54.783511583972924,950.9417234430159,77.9573147102945
171.33033374656267,46.070052697460255,976.7797868845306,57.756435962347545
130.47912200477498,43.343835232211106,1023.1030446625948,53.22742706806349
148.48214904964416,40.818973134483514,1039.1695254641297,91.38531515427161
155.88317206484575,52.53995663456272,987.4230556977752,97.79201065781987
152.80991867735034,44.483166969130636,970.1244902654179,95.66293364192627
143.77300480179406,39.23554703523759,1071.1184930849254,80.67761951634955
147.91877749642725,51.94289302265482,1086.944983189879,93.56754251343233
145.06999065341168,62.46499758716395,1048.9429025390898,81.2541635399151
144.10635243055788,49.96964544230053,1004.2659071282512,96.25168408776496
158.49602097021025,54.19245387225821,959.5867139179537,94.31339633938813
153.57015485965047,50.40914679273782,958.4777796721718,95.59786791937786
143.07090404739347,49.50555173404429,1026.125705263288,89.08227850433099
158.9959987543325,54.59538241493884,1020.9199110444342,97.3744047837646
153.0729952087661,48.548627279056745,1070.0799296473215,92.78219641808826
158.12862118838962,51.33696157035951,1032.522504626807,92.87390874953464
156.29628841923613,51.60848903098007,924.845984912009,94.76218073771608
141.7100498907793,46.659547731784755,1052.5973808861459,86.38033765683166
144.3981895980303,54.960211747682614,950.0969686342794,89.07092031436548
157.4729360512326,49.12520121652296,980.8014364023825,96.89361868058297
156.10370265433465,46.221274202535774,1012.5100103125848,94.96614571481163
149.7909840603585,52.68254921785202,1099.7833744891982,91.61539723670991
151.17327383308782,45.50766009104481,1155.495927800268,76.3671208679993
162.77664895788425,50.14090578684564,1030.3361529568092,88.49321180192445
144.0842861116417,49.954405016778985,990.8401690639806,94.31890354003588
155.4709738117004,55.42947782915789,1026.7252824240275,100.0
147.97807347566106,52.373491164399766,1044.3827712936918,96.31762907141598
147.8231879677278,49.87486520627428,983.9666187221404,95.57131014346118
160.9877685198719,54.08883149600143,1089.7605677956162,84.28694599745862
158.25416348988028,56.951037745086566,1011.50353795957,98.35756410549956
158.13509636000637,52.78905153175931,1024.8871544545698,93.42713455296182
163.0547880715433,50.051763099216906,1033.296212602723,85.90264510125236
150.2100384163276,43.4408188382492,1021.0793305307228,97.21109666166873
156.81952971294965,44.67443168462314,1041.9470250234806,93.80921000264259
146.89733243406545,48.473876478226664,969.1373406726539,94.16010246728268
153.24166352488442,46.952438989203586,972.0849123026985,100.0
148.69856945632316,49.06514348507277,944.9922883514153,100.0
150.96995964992718,50.283249624485535,1021.9750615310113,99.77757472143827
155.95157025436913,52.64846377178365,1038.9468251756057,94.97764584140315
141.8177931676653,49.647506109704544,1022.8886433075943,85.91899337362206
170.9238727568546,52.43250821913101,1083.7246216673768,57.59223968744074
139.93982618500297,50.3223720740506,999.7201990585477,87.63993817297035
137.8581138721227,40.12266716823064,1033.4370827796256,73.91718418613996
161.58110873500067,45.30332303090623,945.4149561930343,86.21329442705316
157.91662693962937,49.27956222139192,980.6450148762799,94.79819850550408
156.24119817052156,43.951526285794465,1034.7768878782888,92.32341552690889
156.2834550926428,52.999643649981024,1042.4551055371571,97.83233917706438
149.87753227153087,57.65375416171849,985.3016526167909,98.94739267890509
141.02745628514168,56.09380925848659,996.4200374070966,83.55870809891208
150.75804558193727,48.93278564534896,924.1063126659595,97.05191234214597
143.2283828848789,57.45363068424976,982.1485399596695,91.05287368435343
159.7511973341775,50.74333728601056,1044.5191581759893,94.80583404681916
148.5294261849786,48.31457014440981,1028.7602508053283,94.92352754062841
141.74502803207488,46.9329866822953,1025.0332860690605,85.29821140514134
146.78614158347006,48.48765156755936,1002.488684359048,96.66184113956508
154.12931454275625,48.05911590729386,1000.3531579314089,100.0
144.36275447196024,50.85208111187744,966.9839430263277,96.66881570233565
141.77779604433567,50.802869905249324,1034.9414210101268,89.73996654059057
152.4368721149191,50.01523010076707,1021.0486472194694,99.00401758440509
152.44966571108722,52.18469084873175,1024.60094239964,97.25166067219162
144.93056824628871,55.95323137393171,973.698257866621,95.54380792196432
145.28961694381678,54.74777067720662,892.3328540064377,81.27316149358195
152.32049937357635,42.575510157750486,1054.8576355876849,96.68870348731888
135.51915658502676,37.230394325490224,976.0581271995798,62.216095439134214
135.92536225623445,54.67159955619637,956.861211797844,74.80677907330296
142.81555778747565,43.165606507922895,1034.6739455956997,88.65129613199008
147.86552848288153,48.87617299053658,980.3993680040435,97.40690671558147
153.10907565598004,44.1494348697032,1052.9968192023312,93.6830273994925
164.75356216949552,40.990097812099904,1030.8502974788348,77.09120149909015
158.5765962320202,52.70731364102394,1034.1784661600238,95.21755804235504
148.40061470036574,53.79577580151324,931.7022144399733,93.80334990989338
149.8098379209731,47.1174479963664,1060.59719926932,93.90696512829021
139.9747063536219,37.04478853927545,1013.0625265616928,75.2999425053508
149.8148686400761,47.268777758737585,981.5361430376898,98.64265916881679
147.1134136107986,51.959020027012734,1007.1694233671126,93.25727255523007
153.2271856033809,42.60544215612936,911.188238355084,89.35477870288499
141.72769056447677,50.91679959889578,1020.4326405740335,87.0706845204876
155.19346514241172,49.923450754135025,948.5314245908964,93.96655106342743
165.32738913002578,52.89645749800544,932.3664857078232,74.10926139586853
148.91239851543142,50.59790184207077,923.8820406891055,89.65685883542771
154.0171172209894,45.134655295592225,1055.6344187494963,92.0669268307837
156.90143991711113,55.982857508322454,968.5368303153606,93.9481722646173
145.98779528114164,49.20735213486515,1076.6863854958249,94.25037667807398
152.24092481810416,49.86347730245034,973.2099268473851,98.160143959787
150.12592400781796,45.33366020463402,914.6321021203527,91.11123580787144
150.9767609854883,47.78358874404245,944.173778002567,97.06242883405157
142.26990216144534,45.575986429865495,1061.790581000347,85.50557791683649
150.24510174258944,49.135269700382885,992.2050911031666,99.30252472993632
154.9799829124545,58.558542400711715,972.58563517547,93.11325709704916
164.5114360779504,43.140494285343216,1008.0009112926393,84.0956457378457
159.59270826085208,41.932193010616295,1025.0891368083771,93.10875044820938
171.53182457511556,57.35585163746804,1055.869940795123,53.344172702119984
142.32652437111952,48.95338161424067,1072.4249614946464,83.13952235562536
158.72320636720679,46.65463630670042,982.0115677105457,93.65253595205641
151.8334200573835,55.199523436980385,933.6976156958981,92.79034350315521
171.89802933217672,46.97192230131568,979.3267419438362,60.180119880506574
141.91701714644847,59.13004856773468,1013.0140253291443,84.90255193173151
141.60278157819224,53.38962935669635,951.8120536894695,90.91230245178951
144.0060735455598,47.560442959271484,952.1424542552479,93.108938856255
128.76104275690193,60.786541066327516,1017.1893940774943,50.0
144.7424497831924,46.971425384983306,997.5673824214774,95.96938071196988
142.40867338446301,53.71047686004653,1001.6398497705793,92.64242287641135
151.50393786476207,51.49646290203246,962.0752332649965,97.39688555712269
153.41755975777158,56.50870644699399,988.4799642897117,96.51661438550674
168.76170839215885,57.807555983634266,953.7883427865847,67.60814111763652
159.5042383818605,50.160020745328836,1044.5099205562394,94.07550159448044
144.23096344337597,46.23291064826908,1051.7624667361877,90.42671788850654
141.01585328651643,52.29986071469558,907.6906068880953,76.1753531827162
154.91919171506507,46.61142315123947,953.5244569903795,94.41922664925494
136.7976679297936,60.066936237633115,925.173537245496,67.03149807031221
168.31458765854353,50.68267665541369,967.4988032796551,72.17072925101273
161.79440120721287,48.17339224343946,995.8281015104819,93.93516454531508
145.30824347895296,50.92340152932454,927.5177390150735,87.49609205773196
132.86865470909123,43.26436855235152,953.9070093437343,59.29377773734304
163.53872374165414,45.14192980744674,949.802131395925,85.42833632659926
148.85460154747383,56.00206953972213,1010.3633664699472,100.0
162.3781631197346,46.71552860514302,1003.4672168518125,87.49072183028524
134.05572341205632,44.765445086590304,963.9131223331374,65.53740619081888
144.00624977046226,52.68326376263643,1008.84104360697,94.52968354438323
150.05243699718184,55.928520773314986,972.6659957706368,98.04999966025126
150.4698059376474,53.594766553325336,986.4172444836973,99.04702828994704
145.49934528520757,54.98023842902908,1083.672604514927,88.85287996299742
156.22849932347498,46.21602455715269,1067.0230525895174,87.51107654639227
139.32379570617405,42.89094666629078,935.0209381536201,77.78540767336143
148.57620514978706,57.506668259777435,1041.4866208939586,95.24214238435067
151.20295631711897,48.38660080578932,1040.5698277245797,97.50411865418428
155.14438834058748,48.745834917724764,942.5868355623691,99.55467212614697
157.1161487808889,56.64097070924529,1040.938882187743,92.76561452568974
138.7535790816213,52.7811500470033,1076.8965959206275,75.57537006850659
134.65885829264377,52.279438860408035,943.8727596877793,70.67947173800663
162.7767682189851,60.825011724505416,954.1248589492868,79.79093272997129
153.3231401197959,46.78240884809929,1050.883073342175,95.24620854749085
142.51513463443447,54.63920064040619,1013.5747655412824,89.86321872829045
165.51151975522524,50.28506562448542,1027.5738137619762,82.63948059123014
151.15674634292859,51.34296139431628,1017.0294608200248,100.0
161.79297184063827,57.64234213206266,1019.5347960464072,85.2368758519986
150.6751848141011,52.53917878144812,933.6763935844458,94.24287501203844
170.60747924881986,52.69148039524816,1052.3658853310724,61.27622149116694
167.55340842443204,55.362536686549014,1058.4794996213886,71.28326835479227
147.51035851520928,48.17523635228557,988.5304627965986,98.30548448413163
159.71570950954356,45.80395166330497,997.8261525093069,93.5285226594335
156.45375949585147,44.775954029894834,923.4446248722139,86.6667162543593
163.68631557532348,40.16821705311999,1025.7127378008918,81.94336382688347
140.35076539419896,60.28103564970161,1028.6028720857073,81.80966557379105
156.86051459998438,44.483958171391585,996.8904491500344,98.27399451542443
160.5842448684959,48.89373188207114,1056.217667993525,90.13722619449115
132.41260513576884,48.6159335005554,983.296138451003,63.27283451440385
138.16741487334224,51.537033489045506,1028.23029629468,80.98767961697365
129.607678222399,54.078686062696484,949.0167830653942,50.0
147.30593165555442,54.30236744179873,998.8223924562881,98.29440521424333
157.17542255795962,47.08461280715531,991.2822871048583,96.28315828015374
165.02357052096028,49.16439143106794,1011.2653961020471,87.28814843919835
150.74094780419776,51.4128997524415,981.5236535583321,100.0
166.28615545571293,48.75654436908226,993.4263702164166,80.44319780460275
136.19898541785108,58.03672788009996,1041.3023585720753,68.29852319784996
132.96617560644845,52.45487475819126,978.1617881380892,60.61199713519029
149.44452301103382,53.67438893024909,919.671144963066,93.12204194111344
153.84065448939307,53.31440634333706,1087.479195210271,92.03180806986354
149.67305251905907,55.86736928742663,1069.0727039345243,92.274683794242
129.32557899960125,50.90510779351853,935.386865244719,50.0
149.1087996048721,43.51584026022077,1034.4853902622597,98.35147539154146
136.95530499495146,51.99843975876321,974.8512614724328,78.07421702248546
156.6967254883004,46.74321553104085,1013.1743607665529,94.4324854668836
153.66598246096848,47.35691659125121,1014.7112064506747,98.61941015829925
140.60120213672644,52.931820093775464,988.2796099841839,85.07284377965931
144.86133082663306,56.19141535716818,960.8117167206801,91.24527919359264
139.40786478111048,50.10635788368031,965.472947384187,82.08453455772279
149.37320902726827,51.54416506299482,954.1904042259379,96.24138090757734
159.55142320501238,58.51107472317619,958.4088895884778,87.23669737381302
140.14273953664457,51.20376589744284,996.6410854975322,85.67186973369553
155.04046515517845,63.008415570901974,964.2120005444624,89.46345875911635
144.6974238162756,52.827548228157724,1034.102603285631,87.47835655091633
142.07127167737656,41.19618620422091,1074.3623077667964,83.91248837503765
148.92969640045442,53.76670810552266,970.9973379314979,100.0
139.64757677580627,51.90579192441389,1011.9702250267688,83.80485336148179
144.46350694652818,56.44876377041373,1024.9842555151467,92.2491009900435
138.0212210741115,53.365906756349794,1023.6001135459637,77.27922418110899
169.6472513291639,49.30772008008113,1003.7977633958044,72.09128423497545
150.3526355197173,43.87850881855317,1037.1341209179861,99.60847164773365
143.00274492007415,48.95488371356987,1024.1124476340328,91.42779239701282
152.1397991073422,45.7473977289535,938.1168788836351,96.8360946993365
148.8767195030917,47.09738275097639,1043.4578032194636,96.72498372135061
147.79030400466777,52.942892022103045,1044.364541863337,93.39744103971515
156.14166700043424,58.34952252175703,961.8356947910709,93.3037244508531
157.57507710047304,51.9733576491149,1001.8968917723801,97.10473801187138
144.69498852389472,44.02058468982408,1034.1664496405535,90.15162711127375
144.2418175935532,52.2230133411007,989.534309021032,93.35943525066709
147.24948302848355,55.98315743322826,1053.6489023883005,93.4406621076289
126.98078835264415,46.95108547840309,1118.193624730968,50.0
134.8480893780145,49.32991416663541,960.7006983682509,69.0018187392536
163.66874267444524,50.07344097364599,930.9477698423112,79.45169823574852
166.44967713501285,46.0755084345888,1015.1909297802438,76.24335556465422
147.50963960443622,53.2414021692193,1036.0781252563072,93.86167251417643
155.76556963055765,49.39525925696109,988.4566813077615,100.0
153.11250154543535,52.09766221953514,1072.6630331660517,90.32478064115928
180.7888080845524,45.5625391109895,933.0697100138376,50.0
161.19574911434577,47.812708498382946,1034.6459311515805,92.60823671595251
148.72082408519233,53.61190678913886,969.7069589620553,97.06156816892522
140.44459559399576,48.13583423954117,1085.9688953103648,73.64016548966147
133.93553679742428,58.63481925616703,1099.625767658406,53.805078961100556
152.03463635867223,48.00181907192699,961.6671706108326,97.9526514568361
142.43649254715697,51.12342362875943,972.522143204571,88.07694179640686
135.77746290402325,54.66295415936545,1042.9793943489901,70.13440223206271
143.53427115757472,42.90817133533484,980.6434675105243,92.24497400744862
139.18451996385605,41.19595594009612,997.7294391033881,80.09508202571102
166.87141635072564,42.371718427149524,1001.2694210271205,72.31099576881715
158.8163975694945,56.31292051713591,904.0163421901171,81.5342552906332
149.92027358683382,47.240709270537764,999.3081126952882,98.20634712194489
164.79944138890025,62.79099642834126,965.5136112967913,75.04982561006324
150.77368307647617,47.17876200671306,975.3438588800115,99.50399477003877
141.38715798671737,50.922756515985185,1072.1816001734408,82.45564328358539
165.23124077269657,57.71054976283938,937.1746552860371,77.31782806781148
155.38910043684658,60.03046444079561,1040.6602593373989,96.99098681280886
139.62753845673544,60.30751788318199,986.0518534834096,81.79717633239657
148.0966132191639,56.04183115296571,986.0119915752083,96.91351270081503
141.24381746615242,55.12031262905731,1039.5185948025855,85.65358464451924
136.17200269035663,52.96263474600592,1017.0025647284446,73.75241988357605
159.26177547531643,53.89180538083319,1028.5306498609766,95.85581861999314
169.0941664047013,47.244071418357336,1048.409233026643,66.4755167831877
136.01432426180858,45.90900558288846,983.4345808408339,72.96593821766787
155.62969236690572,49.98312771294524,969.3881632746125,97.79614312581401
143.49357430878172,49.14907688737536,945.7424736721101,88.64532882869102
145.12874616235302,47.733859753363625,958.7294735010522,90.29701601105873
144.07606075761132,53.481937237283574,1147.4547212654363,72.31617224957033
141.36009230320184,54.77652604285255,1062.2339790368394,83.97105288227581
150.48521627944828,50.442034431459234,932.4462816895989,96.1919528305234
141.69049883588963,57.38765040527631,933.8771021628215,81.89187645845507
152.7045682577984,44.29155442933248,1024.0933030859246,99.56135160231574
149.49761890550863,49.03170270360141,1027.3632398688983,96.67780471489617
147.6105195313359,46.41588839698598,1027.4441917658683,99.6934390684313
140.924363379584,40.667316914634696,987.2522103223151,78.7370311967973
144.23228669431668,49.586596570786504,993.727286999855,94.69657073811702
157.55391225825755,49.39126245808358,1016.3939762079679,97.46810294796491
155.0091718762438,57.567248716210656,1004.2946503146666,95.32849251968676
140.22444755201448,53.154058422773886,889.0349813626233,74.43719058456674
150.99332305429226,44.87906587835398,988.5100184712403,100.0
157.51387123371788,59.27046283167094,957.4296782869843,87.29382465983755
133.3059471887863,56.10516847762676,1008.7605709454256,64.67884370159939
155.43360192379936,52.910488517343076,1149.2629501301706,71.37256954192121
143.37376241054153,48.86757950575084,1018.3740832737152,90.06250510361083
155.7059866859316,45.2028038163826,984.3235156913801,99.95877265832584
142.36740843457483,48.138966119644735,1046.0900750988626,87.02418314074004
131.9511789933548,55.443743098520926,1024.1343943604606,55.88690606810342
133.72457562116838,59.42293152967304,1021.004724522592,62.21652368944334
150.48084946661382,57.71621764136094,1030.3425296607836,100.0
152.5972250172148,47.55575289106863,1102.827178241477,85.13439724099564
140.95683374895592,44.401912833554945,943.4555782337043,80.32821874621632
156.38592458777373,50.70443123455602,1023.6816038405727,100.0
133.3847993773104,41.157803172185744,953.680943500923,62.073938349940605
149.33920201352683,51.615838570923906,1027.7756323171125,98.29470435105017
137.88983800237543,49.261987068506656,954.0656744256953,75.35123072155773
143.4816389219784,47.66981749065879,979.1316593197458,95.94544603803973
150.47398671316415,42.026484663666025,985.2455042881047,98.71211911005506
141.39586634716048,52.568000532848586,1048.7908359672354,87.60965196486376
146.15444455770174,47.33649580169045,1045.9227221971207,92.17818389468137
160.0629280921444,44.15041582144856,937.7141311776808,87.17549075051052
144.2310813047685,35.63868893359175,1002.7467055499924,81.83763179327242
158.3569211206514,49.86242547474682,964.5210072625414,95.29719528012288
138.70293145342382,58.86125798334872,937.0747544662332,78.17124430350506
155.29804177915284,58.30629607273935,989.1491474787815,97.8842870090075
164.415686206579,47.71451871706864,984.575860577209,81.65269800804856
125.28355499872711,46.988939698191096,1121.335824317276,50.0
142.03104744529523,52.34387128037512,1021.6479912680348,90.12932774937906
155.7707212718054,45.00807280405854,931.1191249622882,93.41256317871924
147.96954613957007,51.50895949909733,971.7612997914529,100.0
153.7114587337131,53.83040139192345,1051.06916477147,94.47531220882695
143.9601481328418,56.13466611942154,1104.4221386434963,81.242204191224
150.865897874729,49.499229617600236,920.7008343881021,92.40749888044951
148.4432276460792,48.98163124911517,906.0037807430477,86.5602383361791
161.67782061659807,45.6100870662172,1093.5482587685892,81.12356397618188
152.54420843301213,45.865598229800696,1019.4807088685452,100.0
153.37602662075201,48.86760554049236,956.5853634061817,94.01831360776642
145.88123033877534,51.83682753408089,1026.7314543061218,95.44191989577865
145.12393775927507,54.567923131166246,868.2126130491561,78.54864354349021
145.6744181218038,45.984105246598276,1000.168775329858,94.98686929956382
153.94452142378296,57.46344284479761,1016.3910586421542,97.03815606440462
145.79015519179737,48.64438199478715,1046.2135069768915,91.13221498248488
152.89774856896412,49.89316352825782,949.3052023853731,97.75376138262571
170.75400798645438,46.263941604260886,1004.284358070168,62.17532230990271
158.71124703431693,37.87879869863529,953.7287686970207,80.36674988863957
146.7397646783216,54.42022698180525,1012.7691877837159,98.87422709007492
162.01213922163944,53.684219485462165,955.2326838818487,89.52811415560578
145.91924626978448,48.593362214408934,979.594958041989,95.69980435208926
129.61875464822145,50.33495358612436,950.2092302604885,50.0
139.91913689082597,52.5796960885205,1032.5568120911828,86.36919267902599
131.29208078974145,42.18727071556729,1042.9225558328333,51.841331840439054
146.48486515958692,47.35473661326853,988.2689715021293,97.9643495911787
150.18418379189552,53.971323398109135,1001.9118997480014,98.63022325063686
166.76437312275283,43.72855288415376,927.5704292683228,72.93555623205879
153.26927373764164,51.46778966083315,985.0161675996607,100.0
147.80899471191137,43.21709097688297,997.4897691479127,95.59666645269645
158.29405581183488,52.33214991216763,1131.0396545514986,76.23824173192618
127.88864690992115,49.82179258851258,944.4016487112918,50.0
152.35614558108566,41.92434092047245,1073.2088619376218,88.84548934492611
157.70865193886968,55.82369677228586,1049.8429386732903,91.81684278788953
135.21413754220157,46.32704211600976,1014.0318202245069,68.90401215006487
161.43754043206928,45.948737814928094,1087.9310242097567,79.95318569381361
153.38496407494415,51.00284598615472,1018.6052736303432,100.0
145.847120860992,55.743186747143575,1019.4579597833964,97.37338272920661
156.32781866106285,44.92089090510802,997.3439673491227,100.0
172.70692857804397,50.308399249239855,1061.1784441209313,50.90980324228694
151.81866255058495,52.14408250165287,1054.8234616905443,97.06816098250175
152.48220586300337,53.46552803631572,968.7161356251894,96.10711090504584
145.40639100459757,50.882207776386124,934.0376402700616,89.9093156356417
141.5015563053521,48.16486080458339,989.8509681302171,86.63711047143435
158.30335816544246,45.8620488967564,959.9980717801177,95.58585425842338
141.43916174091132,50.43071941523188,996.8237712692322,88.02811772217349
150.71566237219392,44.639304940071966,1061.871906734207,96.12075142797212
145.22342553234884,35.39324758252697,977.1349172456605,83.91469756723706
154.78979825746393,52.18279902078834,997.8588309344212,100.0
153.33662105286948,54.519674205430974,1002.9011367404198,96.23463404981773
160.37539944257898,38.185337822290805,1042.4215441102642,85.49336915615875
144.89983601145252,44.95134647645031,887.6555333007698,82.80105920404284
147.3012506470663,53.09577130502599,969.6649852617352,94.7055917884572
140.21236284217693,60.2874773485585,1010.5641846139737,83.69496392493973
145.5570673992389,50.10396853837704,1060.003947821343,92.88053450310007
153.7730049304485,46.35998529385433,975.4048776246898,97.54928596343483
157.56988616645353,49.0855177944758,906.1723646979062,86.2628785831848
140.77834675822373,56.87438209574093,1030.9855722983068,83.28370700824318
158.6960592010566,46.77017910437732,968.2318805587186,97.71212065587852
163.5563785880495,46.004039966748735,940.5166670454819,81.8601292988118
154.134349032237,47.58628238908984,968.7827305143388,99.55152411342951
168.76795812558066,45.23335695870644,990.7737321172075,68.55392664921222
142.26210800896428,50.61335157997398,969.7627667730893,88.03587494139492
137.55345296688583,58.1233922923478,889.7216971450465,66.59525753239906
132.21279751095722,51.615396365580146,1044.8533098443565,56.11675430432652
164.96044311489183,48.73823248936856,1063.7437520639362,78.05321834995878
156.54365656354057,48.54094365542228,1032.5760995669752,96.64002315711606
149.44415329089546,42.18404595651671,943.1157164787592,92.44763596707068
152.7996862631982,54.415548885735795,989.9254233026242,98.89306781283905
138.74510952701624,49.61081401493599,999.6739342385271,83.12582921317656
174.45751979616827,49.097600432046875,1029.9397194780954,50.0
151.29221181975228,65.96553783922431,1033.417024435904,89.10411501709628
151.09394794604893,51.49376454182843,963.2913100610753,96.58658126204699
157.25766623898693,46.24104474952408,1004.099777820678,95.51819344410357
154.81009231736712,47.86821201897229,1022.8640202307621,100.0
152.23884024279133,55.74222854598378,1072.7911161073384,95.36060674572089
142.09525544554688,50.56635205268882,1035.2253269912362,86.19365843939114
154.71468357135996,42.80861010841316,1039.452834368776,95.05453955391363
168.82024496475034,54.596144672876015,1004.1913313964681,67.0873053495417
163.4542004615498,46.65927957230503,1070.5229572601752,81.05841879049308
165.93186626639397,59.366488881087726,1020.4881397979749,80.46617358477374
144.88784323568814,55.40024032857324,956.9456044913214,90.22415046136949
140.1039517974142,47.76339052170624,1070.1684985062595,78.73235739682036
148.74213079900352,56.40508180867556,1034.8951636269514,97.78827047759009
150.55724912288696,50.339277552637014,977.8477989435759,96.19369624097295
160.94191518470947,54.263868375611096,976.0253516300378,89.6312796200471
133.0753537028518,52.42366408647237,1014.828777257038,65.05742492145258
165.29550319460614,45.76821672504563,1023.1592397633792,79.14945958662068
148.4199210142101,46.78225083841269,1009.8646132815603,97.25958247643035
145.7311893005258,55.14980408790581,1015.5654336721442,96.45524623824396
139.87895624739832,48.326123339467294,1084.997868728819,78.5690034935961
133.4514332813423,47.981757683790015,1053.5771576117443,62.80270290921949
158.23170583961914,45.224387103253235,1009.5317795632512,93.67959963600981
150.73317967188405,52.11799532796731,1047.0655290383743,98.30197915483522
137.10039100258945,60.31262459621573,948.373804823623,70.55118694033726
137.04921227936384,44.66233542872864,1019.8963524973404,76.15884141950325
146.64215300709873,50.12109728336379,1090.4653174866555,87.91288634260302
166.69021525289392,57.061102777077146,989.0977052303813,76.09891125864691
147.40408648636395,49.60179304377142,957.6183035690458,94.01388498542588
134.96857046881894,52.26185898124867,967.3955555703469,69.78036139143467
147.54256935914054,44.688032359265605,945.5183481328805,91.43083231588113
147.27276430252329,52.141535486038244,960.7619045936149,93.9324480713114
123.03113357058429,49.06427867497726,981.4745950704986,50.0
149.45705133482187,54.928649978399314,929.7216490410678,94.0680596141965
147.69065469791323,55.936930257823754,1000.7809166974802,98.48942792721623
156.96206364813418,62.94781821009307,1045.1138586893323,87.50276305112371
168.48956094945345,52.89816586606788,954.612190992654,71.3853387738569
161.26565029547757,51.62898158291083,1075.9641961820885,86.72602761156611
147.31111309445168,50.97192150788668,1025.5396044263798,98.03867076001902
138.9347409125833,48.23416853594656,1051.5290292812028,78.24086108922278
175.7335980324986,51.692419217308455,967.1082723073931,50.0
150.59218434014488,48.52299294930485,1042.7262613533308,98.39777449320319
150.13929291912947,50.84230488134807,945.4033049802343,96.68609135513208
149.75874912889998,56.587987678039795,1044.5123750418254,91.78209229017682
151.98084760767856,44.9672871736018,1008.5919669896765,98.42743946749263
148.55639588076056,55.699392805645225,1027.662560999239,100.0
144.26337993119765,56.58557533669933,941.2202697187574,88.27940316955367
144.53141058759607,49.40965736504461,955.2465078861698,90.83652848197164
149.67246729784003,39.390725504957025,1029.8614109126693,92.57448969470234
144.56575228866234,46.96089006452784,952.5825997887899,92.03382222124864
142.87154217322836,56.484972732805545,1023.1603146049562,92.01194963473644
151.06430227691897,49.88565968850559,931.6431096769877,92.66195849416091
147.45022782579144,45.00348883852545,1042.4087106333334,95.79631177836349
165.0399298858269,47.476125393858915,938.3738342615745,79.7581980641646
123.49030191606988,54.20310013252276,1027.6149968839761,50.0
160.91506851922463,52.7336678410069,1031.2815466823001,91.60071459361238
162.46085192497628,48.805339504151526,965.1614090785213,89.66141851157268
129.2660976759185,48.16587794092656,1029.1013283542363,50.0
146.57312405919652,48.04120925478089,1013.0221131666779,94.1615655631399
146.2855913400421,45.387949077507486,973.057907190363,96.07423759741523
135.9248830528218,58.07687844734721,949.5722657961896,68.98261749853286
142.22183312409123,48.3883976539433,901.8687154163711,80.61372109598949
138.8942415453417,56.085792604127484,1017.4825023649847,81.37140130526709
167.52270443423623,57.60658025961226,921.7598614318972,67.30021430764693
159.3567839314746,54.9915544907398,1004.7672099720654,96.15183635922882
162.7155509499416,47.84189843640976,986.8275891958875,87.67806818353232
157.21672064043236,52.018650451683044,1033.9571387719097,93.83452060849191
138.7094822878277,49.87902196804542,984.8977250255068,81.25824588549256
144.75479733720226,45.48149069634936,983.5276106826454,93.31405641457339
154.8937456122792,51.62179640860801,1036.5935352144147,100.0
137.77872191108054,44.10480104420099,1016.7529014542059,78.32386618252268
157.12998430172388,55.93839694230782,1015.8077978591389,94.1979808577674
147.59674601841866,47.67691351350803,1023.4633794904263,100.0
146.25179192450403,51.0057982793642,923.2213938396447,91.33040496910714
157.1095996820349,51.41643935773071,1037.839433999349,98.49948673260846
154.4426331148604,48.705475131479616,1030.6234397006801,97.89888820175017
146.3903383418092,52.933469007376374,949.1658435711752,95.14886151751884
161.59329803364247,47.62548171688738,987.79597631629,91.75749341658235
139.18936672400102,54.35648648728622,998.0346356186185,85.45799419617691
156.15935606944265,43.27010159876626,993.2751607799133,97.3519223923097
155.93101257968385,50.63189789773206,1016.6929983284267,99.91367685890513
146.9045356068601,59.694644995291426,1071.5683390915592,87.8715810594044
153.26133022242118,44.99834337697213,1054.0883363836415,93.9708702793019
137.48886423614698,46.61127514737574,934.3890403284297,74.34006558432446
159.240270192069,52.569539248294575,1031.1034995153025,95.53350454457058
148.1509786355701,50.89790890969799,1066.4466659767704,93.65738150309856
144.77276979480962,51.753150496367795,1019.3404260344602,96.50464442484376
160.4900922583689,52.44593565073832,1054.5490212592983,92.61693461975963
142.9565630945724,53.17360734280885,1100.6135222850382,79.62967374497066
135.9153870363644,55.54849920978111,1051.185477305349,68.80028583336662
134.43370826476095,52.04909328464257,1012.4654297820864,68.65137257379033
156.0600995134564,48.79371172690729,1052.2544237042378,95.99287433660017
137.19570647503718,53.362868506013655,1007.2443916548445,76.70251670585596
167.54794181984366,59.49940967447608,1001.1951521642478,74.91712924498538
129.18070592116277,49.33683126808713,982.4292882143134,50.0
166.96456368290038,45.12735347664679,1078.1706679416054,69.85002528867403
152.11017467202618,55.53540334643486,959.0785667028999,94.42390922759571
149.03286888129608,49.39809418023201,1076.6183862339058,90.48929943772858
144.5508091319105,39.13665226992982,1024.9932061870186,87.35136271790594
153.99136114352072,54.23710838575211,930.034691259903,89.91916886514548
149.62365297575153,47.32335907023039,1018.382464649571,100.0
161.0330188201652,49.5473335884792,894.9986746174188,80.39335909345274
151.1422764866204,51.65990165284507,1031.2754008415518,100.0
151.50301761461878,50.95249839889533,1044.2615741494496,100.0
146.36387787786146,53.547259085695195,970.3822022173973,95.25887421596504
149.4305437627893,47.82256814715078,1006.1773847977792,98.58415171752841
153.0780176889206,52.565528990880416,1097.7078716875144,92.20557857347336
132.89831607343373,48.702266612080415,974.7126647869031,66.01548407851452
136.51814577894288,53.694052404437514,947.0546206471699,69.58905176021369
157.43264094022715,53.07683742006527,1074.08317012313,87.77191153178563
151.70865438127942,45.32280648977702,1098.1293595265397,87.5065446532217
148.1601666364732,55.42991058087516,1000.1847835923924,98.7098036076789
150.18433933065393,47.32018277442976,1050.5731517704178,97.42938839372029
153.4758170536167,54.040288991405724,1067.073795776544,96.96067737495642
144.60240319690638,51.8364365670067,962.8757883730808,90.71497270170373
142.21695274597687,59.190918383975614,975.7347082316065,81.85354933336454
151.9584525509768,48.88267008814074,1061.5437256577368,97.70407130593479
140.21627222384967,48.25341601940901,1084.2507139354254,76.98261444707703
154.08252755714472,49.90290197056134,1028.1440430087177,94.67706380740955
132.97416395762158,48.48410108582862,956.0092823248973,61.840213171885175
160.29155637325644,53.99970950971025,1099.353055584972,84.39041815614556
154.72597482413042,41.91844695781706,973.4514551094018,94.18423634287095
152.56029734313876,44.73158790426823,983.2431109414274,96.80746707534506
159.82690983945514,44.66098539210404,1017.1168917244811,91.2530804799487
166.65474444462578,54.751537959867875,1077.7080210357387,71.04044261496213
160.1437006501813,58.553066862909624,1042.6987988276112,85.99629137504334
131.59125768668355,49.47775390731264,1020.7432750180956,56.37281724807235
137.204230332643,49.155891384049944,1023.1644265059053,78.44445232036091
143.7518142230432,50.35026081556591,1002.1757334321733,93.81425835527641
150.26091050210835,55.80939151304095,1027.9069757259253,98.09836475331304
155.17659020469122,45.36323432904713,873.5219961152849,79.41528867531558
142.74256186846534,51.191844913673926,985.1696270465101,90.84519741432474
151.8676676447708,54.87598814891215,1012.0660967458391,94.74736382468491
142.44617067646678,52.50547084969923,942.4492958190247,87.80398217775962
143.8848219700805,50.94790808299372,1019.316165890578,95.89885402679514
135.93338903151778,55.005230462835705,989.7764389506939,70.33152218111022
140.76766753889095,36.48383853500381,1087.7737849157745,67.9714308993434
136.48315394383667,53.38937659765454,1078.650986260743,70.10952873829457
140.24126747022666,46.72962158436288,976.7097215440918,87.22466253698927
160.5364179660784,40.846835515717714,992.4581144216652,86.60529010791983
140.50601111168058,52.556012997624904,996.3026217195803,85.26959185639977
176.3238206483739,56.86829272581479,977.4170261920189,50.0
154.9331790088089,49.31275742686154,1009.7512492014064,99.10909611282602
151.84836123694873,54.76437273601469,962.0858965556205,100.0
141.41642219818786,58.06139128994323,943.4692332531237,83.66461507875424
157.0030987940899,56.57457226792024,1031.1355611950135,94.9291263178485
144.24362173762225,58.199822646856965,1031.4764792110905,91.04538319578943
151.2200981464536,53.71063745535946,959.7842120170004,97.93230392817283
175.60084538268794,50.377168194507966,1044.76777153813,50.0
149.0394010027535,41.99017094051416,968.4211135417335,95.71396813510384
161.49273326285675,48.76968755935026,1012.6582619018991,91.0313782927259
142.96823574874114,45.78376702341904,1041.0172006306227,88.83508488396426
149.65011509503037,60.85471358748907,998.3193717648144,92.6384785329461
167.7080063563551,49.120570937838316,1022.7370456070568,77.23928357181802
143.73032942212234,50.61602403392243,974.1785178056214,93.81653952416379
168.1244855799693,52.75742688020234,990.1766708285951,72.64332954542894
157.07751935455477,50.21801223186227,989.7070284559829,99.28900892109426
144.37533224105732,58.47525520215376,962.6710826729881,89.00388239413034
156.3240773905552,46.88675319132774,991.161291844211,95.642165759711
159.7255444962673,50.97303727618621,922.5690850568127,86.51660705029596
156.21809962217196,46.28764707150976,975.4423126428948,92.96523293710523
134.29775280109544,43.399887443896475,985.7562253315165,66.51515851164534
142.72862824175132,46.94115454547357,987.191012375231,86.7540953302002
147.52481364448496,49.81481601475794,987.925127706461,95.32434745096069
149.25566570899954,47.8534888774137,996.9117900069936,94.59112325857797
156.20672097550678,46.53789510063072,1023.9720759043032,96.4880310480309
151.77701000933254,42.96841268164083,1043.7258537066261,94.5571166008678
136.64655641289897,49.584472136856526,967.5117386575866,74.61811149377819
153.80197851005963,42.47639812984499,939.8399572305427,90.33831176751875
156.10585745283822,53.80027981844801,947.8977793878448,92.86300620502594
155.5979044793104,50.41219876467252,975.6398539402536,99.02355583220418
160.8078072555462,42.712242502675345,982.4039341091745,87.39718151994045
158.33922154548904,48.453954614750685,961.5001966901272,94.80779145270668
154.59180079228437,46.239217972047086,935.1941667875053,92.22471119881331
149.29834288541352,51.595872552095905,977.1939586262906,99.09436164100617
133.39039066484008,56.702252230115725,1009.0713310056985,66.26672704289709
154.29618219132587,40.62413765177128,1029.7514732917782,94.37701019870843
152.0768768716311,50.575130395737084,972.128847344584,98.38875449885505
152.71578837195372,49.1993360221668,979.3501088928283,99.8746251005781
137.2325142417969,53.35670038225233,953.6650845576345,75.28617986542987
139.18943459591736,51.06598314118845,998.4280414812612,83.60201302983087
160.53152853332904,46.240153341305906,957.5785682904593,89.13769510520095
149.60444846143346,48.40473032166691,1028.65639066206,97.93950290989602
156.81500697372624,46.019870715982556,910.7066754032944,88.89237528863609
150.2831837613046,55.38003569299299,982.0185163773768,96.43596741422598
150.29756139495746,50.106558243359714,1015.0553669595871,97.41183664271287
159.38283805976,59.50595342876504,1009.1917258161252,88.07023510057871
144.83955271782625,49.69669593092689,1134.6516831990248,73.45625139975998
150.96120776940984,46.45796616544769,1017.4900012283954,96.12012197504542
145.3772471129496,42.43142803693586,949.7972701578994,89.74150407540544
145.65503772567683,40.98430161872027,995.2267876455463,89.15007608333863
146.9082787653136,42.07932028497255,911.1876833266774,86.56811249349892
152.22133771633713,51.33563325505742,995.9700125351619,100.0
145.21251378336524,52.54362511614967,958.3471971499621,89.60189974879867
162.5575612557352,42.094046489839336,1045.769513778008,84.10309241385085
141.05392697780496,54.475191570380574,972.5229862702232,88.28111172441227
148.1312835583864,47.5846947415828,994.1617042102376,95.89827676163179
145.60268941725826,50.73396505992775,968.2221079297798,95.7344516626905
164.46977884353734,58.06110314127712,1086.9425675926666,72.68549614631537
151.96554776511576,54.48419657932766,983.9378616941044,99.33024848072017
160.31844539468634,48.65734676047084,1091.62785217396,81.88128530360534
135.14439626963028,45.544038872923565,1040.7075881059134,64.8571660629963
152.67050265869258,39.24092299335348,1024.1033363667693,91.69464281282092
158.89630795623438,46.4042334037879,1018.436657365876,93.6006718995585
150.82283989275425,48.94434880586153,1019.6898649108126,98.46709414915752
160.6548037506535,45.06410236424408,903.6163710327195,79.08982811731123
144.82711549899628,49.34371516453847,986.0558302924621,93.72357082762218
164.0934744018558,50.38425941479384,1042.257898559216,84.10869038027285
172.9889812361925,48.875720090959604,997.5551408262947,55.62487501345395
146.37161439560342,46.7499870958827,929.7405076598212,91.35760286186274
145.54497478599228,50.84327335983364,997.3797774711265,94.48494081965629
164.533844771177,52.209703247847045,1085.2052758127745,79.30060123091265
165.79572145730714,44.54800461278577,1062.344585776736,72.64720067462548
144.77139972846732,57.054661898731354,996.8997995316984,93.90729662727207
145.79813182904144,49.50705933857869,1047.5724638529043,96.14288239696288
147.18215391139492,50.09424811472424,981.6746489815974,98.26381427831737
136.55549488965724,53.541072116282784,914.806420658664,68.16087939953397
140.81348053515802,51.16608065631751,953.7767005935223,84.29161158570416
139.95859233247933,54.76568316956622,1078.1444384254098,80.75705369704957
142.3220243489587,51.43562082600912,986.3003459085348,87.5905600818334
149.6531511261322,46.93781312679781,987.830801031249,96.5358240023814
152.3421473253652,51.80751762603051,985.008090186256,98.93581639411018
165.50500492814078,44.28136896339669,1095.2068294786504,72.91545117443604
140.01645959261208,50.542798528882614,1081.297945768103,79.77920355715885
159.84322398476584,49.8338500467777,1110.9390116724067,79.53683263893849
147.86011155774491,48.9594157136373,992.0477394799974,97.39407929893295
149.50536290347566,49.357312442805345,1014.7812244373548,97.79562657107631
156.74819492166603,40.5907547725118,924.1678725289604,85.15775564703614
138.772779784377,47.25637546129519,1073.8467213059137,78.30776917188207
153.8240974618405,50.46422450570557,941.6110224366032,93.50015511653052
151.66452208213056,50.799281959987,1010.8387781881314,100.0
154.9245126400815,44.861624295370206,945.1348736183578,95.90701705473656
152.89168643907817,56.328539204323505,970.5566586630651,99.81563601895992
174.55300139910895,45.66912575892749,958.136878447515,50.0
143.62260015748683,54.84728600263368,969.606236966209,91.01817443905053
144.69003044998183,52.13597180935842,973.0438648425511,90.9989760685218
143.76859473575234,46.768863450780984,972.5865602537461,90.52844941980963
144.44522880839745,58.87655446304756,1041.6666955890153,90.44173388776413
143.62612872693484,44.0318158412176,944.756860346874,90.10037011150612
161.89016531107552,54.59577086805001,1011.0270713506933,87.2360746690058
164.20504247989854,55.00291159021489,1060.8979576152778,79.86295563075068
144.29253706250523,46.64689895461677,974.3401817743302,92.15100235930916
141.6764442689577,56.962326500321645,964.10405546262,83.48485560336887
154.71415556386404,48.74976742700524,988.4737687409875,100.0
144.4777695571903,51.44346814639928,1058.9862604180355,89.40441213509362
156.3293181775551,51.3016091938561,1009.7053815476679,97.6361768731183
152.02923020851298,49.32845629264726,973.4392852696201,98.25084133039913
134.84255885002767,54.05404136579891,1024.193832559402,67.93184433997136
165.47505201330063,53.967443602761065,944.8853925081788,78.35030131716726
167.9587767309552,41.257340133809095,1034.0679755221474,68.19392734842424
143.87211309515612,56.52170121439076,1020.4303653850884,90.70817063683097
146.12298440064015,41.68754005982163,984.6095764430557,90.51618487699392
152.85865390724905,55.16273102170829,958.0707100776384,97.94083885697442
153.34456789987024,55.633525684137915,955.6659538858271,100.0
156.5854427267283,44.54516784892401,1026.7408668172955,95.37882910259916
170.1020453876635,47.945928560227074,1061.449025124453,64.98148140141177
148.23052772505952,44.47147665757032,968.1346126485603,92.65218026384882
142.01702755461545,48.92539484855632,1022.9193351775742,89.60905374235502
136.20680771985474,48.45982857907129,895.6486490698966,61.65094313897113
142.6906996005808,53.8983026613467,970.7691134671401,87.10539010893818
149.66873027126204,56.55154373059804,998.447053356455,96.4343817973541
167.94557863517787,56.97841905394978,954.5158291509083,73.1017663507022
144.8238870096383,47.189159867108486,953.1746812605202,93.83163629131879
152.23787951638897,48.95389063127736,966.6110221765557,99.15619876014387
149.8357710392725,41.58280903889525,1014.6096364163186,91.81859442466228
161.88393273448085,45.970649667519055,990.6335490796813,88.48577742606585
175.26932425873622,54.82425816548729,888.0884383337514,50.0
144.6913122707968,58.07791411774116,893.9649923682467,81.2611145704847
145.1056055748178,43.82825564060039,969.6567411071412,88.06673616597209
160.44160877069072,47.03767870423553,1022.8843293026777,89.78459641004319
156.81891489626312,49.867971215205365,862.6247578637383,78.6136187834832
168.46707325736034,51.400805794098034,975.0134911924184,73.32377376608669
155.83928185325965,45.95198240039177,973.687607174129,92.16726974240254
146.4070790921294,52.12030522232045,1069.4168889104224,91.66621696531084
155.9065483069231,47.63080326464542,980.7489094143568,97.8218067515127
161.0870358058291,49.927738645608606,1019.1494492370464,93.01761337670216
158.20482181197363,52.7314212400185,1007.0628570043732,97.33595887205692
155.07274031107298,50.03211134905469,893.47167600964,88.82584510146177
160.66674689589155,47.81807054736716,1038.4103608315868,88.90727923956224
161.69295590445674,49.451950980370846,1010.7698252728144,86.55284438441343
163.82158991037528,49.55818520397332,1025.4134319837294,84.48911166447483
156.48709887589644,48.149944850589364,1196.3118853218164,61.045360981869926
148.32881919683146,48.70601968666449,895.7943530250706,90.31721806073139
151.46713686433324,57.99323585252358,1086.2348324880554,91.51099017376627
162.06508966508358,52.8045972397062,985.6276240299823,90.35868489808493
141.83064329012763,48.5225984098542,1014.3664452201505,89.90442702730287
153.686733088729,53.48477202255368,997.7243877349379,98.28937264383293
146.0666118767264,48.33090255121995,978.7881833300978,95.4132247247606
150.28744822934817,55.86562318793321,971.508353588062,100.0
162.78451862607298,51.84821096099047,1016.4754367786504,86.17688668004021
151.91099068019903,49.46348927997886,924.141315166416,97.35618199120054
150.4643654815615,52.23858462905139,1037.5289583760882,97.63499904263361
136.4014385902008,42.145619239657506,979.1902797557373,73.9663050235618
157.4625356602722,44.36616265545097,943.4965330479821,88.80940872373593
156.45484181141074,44.03037496800472,977.4993571002093,96.25218426062531
171.6325472330546,50.714715473818536,1062.8574608431286,56.02763889560342
146.92221765047,58.66257499742546,973.2332456491888,90.93886633919664
152.1915032766394,61.15650073096316,1017.9226809104811,94.95445288840384
152.49383683710755,53.19025550720379,963.4521862142263,100.0
165.77453279763475,52.50422237472228,1037.896092496181,77.78709366939162
149.04704467613047,40.9947113292363,1034.27538693951,89.94988134548751
152.79021525770338,47.286631001329894,1092.4304416648206,90.52102444361135
156.0789650971654,46.061081240458805,991.2218027250392,96.86463104299077
151.8660912315636,46.89576200874442,1033.4327402378954,99.1348595050247
145.53566385449471,49.15928090707605,1004.9033769769472,97.52696951778955
151.94089992898307,47.63954711151436,1064.7935890931508,95.11797898725696
160.7363174985977,40.10350094812106,964.0583806195634,88.85019770288996
139.7348470058894,53.73955128058767,1037.2502656438642,83.64223234068967
151.32969674146875,44.636284871300965,990.265135194166,97.14260523739694
142.99879185060826,51.196234320555746,996.7905911445752,88.66246476629722
161.95046628924842,60.370413348749864,1004.5876242224186,85.16222440969312
134.76813095216227,45.403077042067885,1012.6120198213339,67.90815464716982
144.41078152728412,37.348562386268355,994.1885478439021,86.80912546765877
153.7721187506452,48.569978890599444,1010.7356591585263,100.0
165.6552402923434,55.50479817499286,1078.9059028781091,71.75390117369037
149.34249738927014,59.79173727110297,1049.2724842807609,93.3457668408156
144.44800473306802,43.85225202773792,1043.457729624845,91.19670977438685
168.8115706944059,52.48349611618261,977.2230236988065,74.16434311171335
135.51986099583755,47.67344771609973,955.5379585885838,72.08533914382987
128.01194043379917,49.470258228479324,1047.7650279118877,50.0
154.40014450053332,63.221716735085174,1043.8023396264898,90.1569396724989
144.9794577564739,42.48514835802423,1073.6335337875491,86.80079044924842
139.78767182869288,51.26869830747287,969.8009687015385,86.66932243465476
157.08356447299354,52.33846585882716,988.5225672319826,94.52887642422583
152.438007137712,55.42893162469674,918.0257918737283,91.58139375555616
144.35921369263272,50.489915767354475,980.3764446969564,92.2186077440511
137.19695601329104,51.540252697520515,1049.8285255289725,76.34781950495785
158.72457328280146,48.041757162891045,976.6752310385901,96.9568508864564
156.5020117795866,51.34563470622554,1032.023989760041,95.74773133254561
149.00824136220618,48.284038622512945,990.4748447001094,93.86477839669261
168.46636996047667,53.107859449280255,1016.2028514110781,71.57673857567674
139.29915233673847,48.15194831978183,942.6154305092166,81.99723559319501
134.74474829075263,51.88550196951093,1004.260472481695,71.24353133828366
143.08091930118755,49.85368593157511,850.4432014549639,70.4684346562143
149.54413983644503,55.63025125386084,990.6551920919007,97.67760171342415
152.43339449322693,49.743031382057566,918.476337814243,90.69804944738246
147.5876394214367,41.134837658965594,1060.2997258273408,90.58156772012235
153.52055396514297,56.30960750356996,1038.8703676382256,95.17972587141041
137.48460575809557,45.47133849568691,1023.333549098304,81.22576705198304
164.4376460407326,46.731168306755904,1076.050311357969,78.97671445434761
149.1784882160743,47.02169352978254,952.5541739587582,95.00015799292446
161.1729583158813,56.87219046585409,1087.3681598957778,81.0055866717956
153.42725346377705,39.32162893010652,1046.6095782130192,90.61873601828468
154.56753219153785,65.68874266829997,988.1722356390527,87.93391993194328
155.69767280232205,55.28028404533026,1056.7810073591472,96.72626476360172
154.47708560017315,51.116194570645796,944.6853243794183,96.69884863450703
156.42722759867544,49.72552999691857,958.7742919236164,94.79592940529868
163.29152530132433,51.427770374288286,969.570513838015,90.09592400452844
151.9652116970147,52.60561214189669,973.5511145967993,99.27005258385604
157.09003757588513,53.22607792975028,947.1721178619873,95.9082748208917
149.10264305712772,52.778022330017244,1061.1541533547663,94.04618061682918
164.40117215449473,50.44790340627625,987.0572799815084,85.16456964103035
143.2360769794073,49.01330789846337,1017.625248417844,92.43358865409282
168.00940432910815,49.24363358173244,971.4824316793159,69.62310586583523
149.59842049355657,49.0254585982366,908.9698349725742,94.9723601760601
135.69224897881952,55.66885048433532,1013.5028679195711,74.71477890065651
151.28104414910788,52.96778361140431,904.3872512290111,89.81851327154502
143.18948342525118,35.2980568266786,996.5682976957265,77.69361273608004
158.40643548988723,53.279503882648804,931.5842480583594,91.6503596477078
143.4737602069761,50.97368097359387,1099.3637999615403,83.03051952065982
145.5381656678522,49.90645621777051,1045.568136108736,94.39956067490714
131.10459269054468,48.05740773455557,1005.2876895635741,56.26044800663088
145.47693680750922,55.620563599930065,1063.1853338827334,91.6975798203666
125.76120673371044,54.73763231061429,957.6842011267132,50.0
134.16097176514276,46.135611660881956,1027.1739689335047,67.39157529056745
157.60414656144297,52.03526143562267,1009.9905216859356,94.60664429840527
157.85800158650832,45.14171632729357,1013.2010040666835,97.40326655880797
154.25457561784964,43.101909176055344,1063.6176750053385,95.60671749906754
140.33023856870787,46.86641387705018,1036.62460513899,90.49009186931774
149.5228864385802,54.311967361913794,1014.4361831412511,96.38254299989697
149.96397460909432,54.76562522688043,917.2556281885852,92.51559635312772
138.41635310807456,52.56542710048647,951.9976852360268,74.95750598212402
165.03398301767152,53.625478934239986,993.8645533202138,83.73552629459607
158.77362290575672,52.58089143557479,1004.6686187138325,94.1686457894784
147.79035826170337,46.79259202388524,943.4898137663038,97.99626799112826
150.2688583899453,52.159612723369705,1120.583833778921,83.54338888032407
152.08382807947552,54.00204762613841,1075.8197027626786,90.42168938487352
129.5826513157571,53.77145664906787,1030.1059160196241,50.0
147.52822617479404,55.94456685737322,1003.6018430641873,92.81393799937528
143.18015752002202,53.54151923600532,989.3895515049425,93.28768915323668
139.98379990105084,51.757241037707914,952.4040769988882,79.13688483990157
147.18899707114045,55.350751191582134,1003.8740259259431,96.78088037078926
167.97686526849523,49.8673937037547,1012.8876270071376,70.08812319853287
156.4084286126701,45.590626743861414,937.9119712259188,92.09799083936338
144.28821010217203,49.18466518028118,1016.7088208622449,96.89562924879415
155.72582781356158,46.27548677596776,992.2370475587626,98.15680180243298
