temperature_c,pressure_psi,speed_rpm,viscosity_pas,hours_since_maintenance,cycle_time_s
147.08306250206724,44.88603717400797,975.4181907183976,15.068882023411682,288.8065403185668,29.957703102279982
150.47398671316415,42.026484663666025,985.2455042881048,18.188884783498395,445.4160741448168,24.759312925963336
146.9045356068601,59.69464499529143,1071.5683390915592,14.369826537611782,33.642306460757275,28.846629363068725
145.6744181218038,45.98410524659828,1000.168775329858,15.246156403312362,45.67662136177791,31.12636757288176
165.50500492814078,44.28136896339669,1095.2068294786504,17.475307515023996,110.23524049968492,27.778529681003526
147.3012506470663,53.09577130502599,969.6649852617352,13.05324232394593,28.10695272993924,27.901756379630136
154.12780926936497,62.19876203169636,949.2452904086066,11.49634238649656,330.6713394723622,31.50927110587124
145.53566385449471,49.15928090707605,1004.9033769769472,16.899189142728975,6.640601729290041,32.570212264411374
155.38910043684658,60.03046444079561,1040.6602593373989,18.87030808012046,362.6631953679391,32.73125549905671
145.54497478599228,50.84327335983364,997.3797774711264,13.659769599091534,457.4210749258273,31.17109858318613
163.56240028570824,44.40165052686928,970.8620671194208,15.643186422678475,39.85753659364249,29.57542273989916
163.07142754282427,56.878534066558096,1002.5443850928008,10.74554515929701,378.09611705339023,31.63017248361543
134.76813095216227,45.403077042067885,1012.612019821334,14.327226109177728,382.574424930632,24.28516663796808
144.77139972846732,57.05466189873136,996.8997995316984,15.975120594173438,266.5276450473556,24.66180320847834
150.59218434014488,48.52299294930485,1042.7262613533308,15.728280592109323,48.8050190544958,25.779169798460494
141.02745628514168,56.09380925848659,996.4200374070966,11.908540426618533,123.81582153571937,27.94909715314084
142.87154217322836,56.484972732805545,1023.1603146049562,17.385470330832828,314.36700752999644,26.89107225787869
154.04981710960956,42.22052176898186,1046.082505596223,11.284197097203425,139.5041451738983,27.561529228990302
157.4625356602722,44.36616265545097,943.496533047982,12.186369981004924,287.89623556115487,29.34852357858943
129.18070592116277,49.33683126808713,982.4292882143134,15.848133723036902,326.1405564092231,30.496210980899114
151.17327383308782,45.50766009104481,1155.495927800268,17.12274192974627,171.03471732877767,30.204216807745865
160.29155637325644,53.99970950971025,1099.353055584972,16.586351376437356,171.11276238945229,29.462246923929264
131.10459269054468,48.05740773455557,1005.287689563574,15.38315479238818,253.06992634732217,25.12985241017627
132.36959844637266,56.90045677073726,1007.759534192949,17.394493847290455,462.32089556431833,29.57505424196962
148.32881919683146,48.70601968666449,895.7943530250706,17.786909055048863,468.2466656551129,30.20511469790297
156.47688538100692,50.29815184960087,960.379003950002,14.172788933156712,486.2306950139511,31.458554374685814
125.28355499872713,46.988939698191096,1121.335824317276,17.752992900039075,438.560233831144,28.958440514663213
153.10907565598004,44.1494348697032,1052.9968192023312,13.961207256347748,487.4521364051175,32.723886940881144
151.91099068019903,49.46348927997886,924.141315166416,18.2295575814197,24.930073199582125,29.685096877309128
141.39586634716048,52.568000532848586,1048.7908359672354,16.357893975524465,224.51888018498084,28.383717487961714
145.28961694381678,54.74777067720662,892.3328540064377,13.07058914849857,176.7365960303603,27.922947677298616
139.98379990105084,51.75724103770792,952.4040769988882,10.869833907487358,243.24138286621144,24.758334999104235
140.44459559399576,48.13583423954117,1085.9688953103648,9.793725824345405,305.18802989084605,32.350076131572095
127.88864690992116,49.82179258851258,944.4016487112918,15.573911708603417,367.614259050798,34.766820985332245
139.42289071044098,53.2359796985137,1025.2735079583313,13.03541193149064,53.31180946829895,32.39398364883671
168.52278184508938,41.65707963061205,951.3226900147764,13.683503175332303,166.21334608718257,30.723720745220188
152.16458589581976,43.15098510210461,1039.5312799581384,10.948384253777244,446.65224689406136,26.29646400473281
157.09003757588513,53.22607792975028,947.1721178619872,16.537679351937793,117.84126728794249,29.005705886155493
152.14093744130204,46.99316178024393,1101.2154811643427,19.563303673077684,485.9226506627424,29.33687260938885
143.2283828848789,57.45363068424976,982.1485399596696,16.148142441788004,447.7778704369425,29.957188941151838
165.23029856408024,46.76531611147213,984.601923518048,18.77537531468038,259.00521568804896,24.15188473403273
136.2233063204291,50.244300351628524,952.1781811590996,13.095367238522408,83.09249980487459,32.424108568206215
144.23228669431668,49.5865965707865,993.727286999855,15.869540129113782,213.4473639116513,27.723087903289965
150.29756139495746,50.106558243359714,1015.0553669595872,12.968242346020045,118.36023792691648,31.147960654432477
162.77664895788425,50.14090578684564,1030.3361529568092,16.064012397643886,404.9893718417362,33.08630697427044
149.25554084233832,59.570156769333934,1030.1593715541171,11.260367320935671,414.7829157141843,28.88019526217606
138.16741487334224,51.53703348904551,1028.23029629468,15.933090622900254,116.42927843804712,38.806973706983335
147.00992649534132,47.85942419517044,1060.1942218584409,16.10608017170472,65.64398600241212,34.08034770054094
141.91506397106812,51.90967726115777,972.4731575254208,14.628308495614505,92.02238602510675,27.95585929479128
148.48214904964416,40.81897313448352,1039.1695254641295,14.3397598120671,426.658593333293,27.01923145321789
164.77894044741515,48.39182474391309,927.8072591933228,11.065860592825697,338.19918445500304,25.9797837866282
129.5826513157571,53.77145664906787,1030.105916019624,14.05747251859496,286.3862548685545,31.7734083537718
133.39039066484008,56.702252230115725,1009.0713310056984,17.606556074632127,259.00767445425987,31.173383630798178
163.82158991037528,49.55818520397332,1025.4134319837294,14.213894485877198,453.8806218250893,26.19558958507406
148.85460154747383,56.00206953972213,1010.3633664699472,19.542899490845592,343.61717173034145,31.668066290526877
170.9238727568546,52.43250821913101,1083.7246216673768,15.515951962442362,186.02178390610368,28.231642800183845
157.51387123371788,59.27046283167094,957.4296782869844,10.566362321291871,262.6591322253607,30.56542728305431
156.0789650971654,46.061081240458805,991.2218027250392,14.82512934244564,332.9735830402321,30.26104944117716
151.32969674146875,44.636284871300965,990.265135194166,14.3071469879862,36.10659266759397,31.351487171334103
147.6586304305082,51.96742692710875,1010.6646853686468,12.329036861800216,118.30489135375366,32.2175414841047
140.21627222384967,48.25341601940901,1084.2507139354254,13.34360745406953,407.9778947076033,28.16509878991632
147.79030400466775,52.942892022103045,1044.364541863337,12.32654912224814,438.5637809492509,36.067770691708446
152.61055272179888,40.00899657733946,946.4071383479924,16.167088606023775,384.5305665798621,26.34214660043342
166.32411303931636,49.443869693256495,911.0706207996742,13.243353845640522,454.79769555547216,29.084433463557744
147.1134136107986,51.959020027012734,1007.1694233671126,10.742531811170377,357.99234677086207,27.443326071008027
156.5854427267283,44.54516784892401,1026.7408668172957,15.279774465678257,205.5636391296896,30.022088044270703
150.2831837613046,55.38003569299299,982.0185163773768,13.0132826008361,105.38154971495312,27.738413658927115
141.60278157819224,53.38962935669635,951.8120536894696,19.33011213561321,106.77142724517068,31.64904955887078
165.29550319460614,45.76821672504563,1023.1592397633792,13.731428304621192,126.1613721318726,31.96767641336275
144.0060735455598,47.56044295927149,952.142454255248,17.381097188687193,205.57216823999352,35.40429029779946
149.92027358683382,47.24070927053776,999.3081126952882,14.345965364780458,131.7757397483889,34.856362918982605
161.4282281451502,51.005495233574834,871.8833170602345,17.097414252833126,166.08626103086627,32.481346285697306
153.686733088729,53.48477202255368,997.724387734938,13.887762506478438,402.5596043773325,35.133086427572366
137.39116045664954,51.654401161072286,993.6225439811232,16.206495001142788,202.48429368809423,32.484176444679925
155.7059866859316,45.2028038163826,984.32351569138,18.25833272980189,238.9336774565679,29.338385312530388
155.42560043585965,47.32382394219716,1046.878506881328,14.057750696364243,53.08017677373361,27.876267177977773
141.16142563798866,49.9018110053666,1021.2943603096518,16.425424057722662,428.9288917587445,23.701931206742923
163.5563785880495,46.004039966748735,940.516667045482,15.001365637914963,16.71178621775188,32.199162844398
153.57112571511746,48.25371147840786,1030.0603374464558,15.280719739696094,380.2000336437413,26.95656081987776
156.10585745283822,53.80027981844801,947.8977793878448,12.65553249312672,381.1806068535864,30.58013835577248
141.5015563053521,48.16486080458339,989.8509681302172,13.16374603316685,314.1735587747222,28.14068361523837
156.81500697372624,46.01987071598256,910.7066754032944,15.424186706148353,294.2156202267262,29.238144880808296
158.52433334796223,58.14198311564269,1034.315922847835,16.87583107502131,307.534877007349,31.61530487164936
147.91877749642725,51.94289302265482,1086.944983189879,17.837062690296072,271.8935351958734,32.86888500627404
161.355656401806,46.53547401102046,1030.2257663177684,12.64391826524724,445.5700458967547,26.177303642769616
151.50301761461878,50.95249839889533,1044.2615741494496,19.61583250123222,105.71562899945556,32.18555593054361
141.72769056447677,50.91679959889578,1020.4326405740336,13.040557550566389,44.28916981832204,28.41239697056546
139.40786478111048,50.10635788368031,965.472947384187,14.172768668740714,288.67670060983386,31.963293081316863
139.22255222070694,49.264989991857554,969.9788217130648,17.499237810593332,13.553326168116552,27.79464959782624
147.5876394214367,41.1348376589656,1060.2997258273408,16.030588643248933,428.0768109973301,24.69284908878181
134.74474829075265,51.88550196951093,1004.260472481695,16.07525980589976,273.1238000654255,31.01507232580788
149.60444846143346,48.40473032166691,1028.65639066206,14.671329588229218,406.5710022408628,28.34046826395819
169.0941664047013,47.244071418357336,1048.409233026643,13.745373108097397,323.15496682869065,29.49263194307155
148.8767195030917,47.09738275097639,1043.4578032194636,15.350573557867849,72.75774139367958,25.118985237399755
148.91239851543142,50.59790184207077,923.8820406891056,11.41221500426422,298.0713247749485,30.412057438221108
144.69498852389472,44.02058468982408,1034.1664496405535,14.090904562513112,53.35590955117714,30.81726418996083
144.9794577564739,42.48514835802423,1073.6335337875491,15.776624010846898,36.4492259358275,29.84248479438404
160.5842448684959,48.89373188207114,1056.217667993525,15.888396654581344,259.3739235573547,29.325440832615445
157.6743472915291,53.17585900840984,959.1455684465903,11.90539202212327,214.57474597916087,29.82781390477789
142.85648581973632,55.04908544671317,969.1819295980262,11.737448369078107,442.17171398564375,31.30350793827392
138.70293145342382,58.86125798334872,937.0747544662332,17.90200287626267,122.32752730235651,28.506114459546477
153.84065448939307,53.31440634333706,1087.479195210271,15.29104239553648,433.8510489596195,30.92349711754165
133.93553679742428,58.63481925616703,1099.625767658406,14.27737887606542,417.4868928414812,25.588531346306247
147.51035851520928,48.17523635228557,988.5304627965986,15.85168731725966,237.21745707358704,30.872894190412328
149.25566570899954,47.8534888774137,996.9117900069936,10.848823981842934,81.25553264872815,28.96780812988732
152.43339449322693,49.743031382057566,918.476337814243,12.441938527560428,426.642399283601,25.602978427973717
159.7511973341775,50.74333728601056,1044.519158175989,17.799189290291586,483.31111044805374,30.448793872556365
152.35614558108566,41.92434092047245,1073.2088619376218,13.336090165011097,312.82495647072653,26.273260399352317
154.40014450053332,63.22171673508517,1043.8023396264898,15.120171989230329,259.18273166766033,30.40757827224497
139.91913689082597,52.5796960885205,1032.5568120911828,17.148636025431124,24.50232248563677,30.34230447667956
160.37539944257898,38.185337822290805,1042.4215441102642,17.518466479573597,351.6386138662258,26.00788460600722
156.38592458777373,50.70443123455602,1023.6816038405728,17.994863366359255,62.62561554810397,30.59518055153246
145.847120860992,55.743186747143575,1019.4579597833964,17.662678123976807,176.24052347167557,32.2190264043535
167.54794181984366,59.49940967447608,1001.1951521642478,17.704405357734288,117.51564940595932,31.599621953697937
144.86133082663306,56.19141535716818,960.81171672068,14.224600167182878,417.16239787469925,32.252618338203995
155.04046515517845,63.00841557090197,964.2120005444624,13.87878472630538,17.18842917586261,25.323639014928474
142.84696290740033,54.81939558397455,906.6730024319692,16.558698007810666,391.7507512939544,29.44222655715369
158.5765962320202,52.70731364102394,1034.1784661600238,15.856633384750475,222.35638842916788,29.62714266851269
144.60240319690638,51.8364365670067,962.8757883730808,12.600604943269383,149.71156240155332,32.26025839050729
159.540017634932,46.40796367215401,1044.1166531161705,18.334448223102275,230.17768656741345,33.14544795315178
130.12431085399106,54.251108710567465,977.4905367574294,14.5029427638511,100.89747412622846,30.698604262280696
155.21941565616896,57.97252531612486,994.8372619925476,14.77866926288534,149.9646987365331,30.2484977115543
157.4729360512326,49.12520121652296,980.8014364023824,15.433249950809238,242.0865160817037,32.66746147436342
150.55724912288696,50.33927755263701,977.847798943576,11.914396969580707,147.40861917338344,32.77792530214385
147.52481364448496,49.81481601475794,987.925127706461,12.543112337468475,253.0223462059183,28.4007287939525
144.07606075761132,53.48193723728357,1147.4547212654363,15.645949007235336,455.90928476972346,29.373994886338604
152.44966571108722,52.18469084873175,1024.60094239964,12.947261584668215,24.64724638220822,31.438522644004827
135.77746290402325,54.66295415936545,1042.97939434899,13.969563212383514,367.9602031869744,30.23689213700425
149.03286888129608,49.39809418023201,1076.6183862339058,12.368368367144985,53.725276314454064,32.52534232435204
154.73592430635182,52.2676715075699,1029.5907066870689,17.989876454906472,188.6008912288193,30.71566486132122
135.9153870363644,55.54849920978111,1051.185477305349,13.32615859240744,187.6606728865069,28.044974633530757
160.9877685198719,54.08883149600143,1089.7605677956162,15.898947825664614,4.54351747560816,30.604958715387763
136.51814577894288,53.69405240443752,947.05462064717,11.723941885127967,251.43776003279245,31.51374544343217
160.94191518470947,54.263868375611096,976.0253516300378,13.734489940229922,177.27410441430368,29.72677241894092
154.96714153011231,56.99677718293001,966.2410862512808,11.18438488424522,242.50899376202065,29.54964914623858
156.81952971294965,44.67443168462314,1041.9470250234806,14.892190301988522,285.59959198145685,28.55805617553528
137.19570647503718,53.362868506013655,1007.2443916548444,13.950865972465898,411.5017872234674,32.109427626660015
147.96954613957007,51.50895949909733,971.7612997914528,17.933081718557204,96.24657531791352,31.283443185458708
136.20680771985474,48.45982857907129,895.6486490698966,12.805263362057866,482.8049156904421,32.081769699573776
149.33920201352683,51.61583857092391,1027.7756323171125,14.793137551419433,19.898563667826277,28.44672765833334
153.11250154543535,52.09766221953514,1072.6630331660515,10.78870611631935,67.83073358018888,37.763726920592056
145.49934528520757,54.98023842902908,1083.672604514927,15.871950779000093,164.68963465103786,27.460697095623065
149.22898290585897,50.52100551975938,984.0076238372578,12.365736160106833,358.6309379328782,27.18161027404205
171.90455625809977,44.26827303490656,1027.3559557587605,16.47930630344934,31.89727812679893,33.87823586855462
161.79440120721287,48.17339224343946,995.828101510482,18.945084353579617,388.86395503389656,27.24607168616779
170.60747924881986,52.69148039524816,1052.3658853310724,13.785291133575576,284.1343081343842,31.08118018505424
161.67782061659807,45.6100870662172,1093.5482587685892,15.69341995520984,24.383159406570208,29.175593085741937
162.78451862607298,51.84821096099047,1016.4754367786504,13.114883988416247,476.13003918116186,27.76449668904795
150.9707754934804,49.64199370292968,1016.337238230116,11.364041549225693,163.08512706412677,31.8973626499269
144.35921369263272,50.48991576735448,980.3764446969564,13.45486250248752,408.9110367830953,29.42866144221235
141.42842443583717,56.960011431723,982.1277288594788,16.04428509186787,41.61153310403615,25.878495525304015
140.18491348952048,56.06548849989592,945.63770305686,13.16745179887255,7.098317235861851,29.93831832794848
156.48709887589644,48.14994485058936,1196.3118853218164,17.00326365041712,43.70840393554193,29.49522259653737
143.54880245394875,51.73251940865358,1046.3107701120796,16.38544551023372,63.057661187705285,25.94833210697105
145.06999065341168,62.46499758716395,1048.9429025390898,10.02438268692984,347.4850665607379,36.97401991755845
150.68562974806028,52.10960377117642,1000.9808328846996,14.924858710041038,358.8380788967498,28.49629767662936
141.7100498907793,46.65954773178476,1052.597380886146,15.677105752571828,215.90354755388864,29.654670918230284
156.45375949585147,44.775954029894834,923.444624872214,11.447976491903196,289.6567013942304,28.45829812005347
161.58110873500067,45.30332303090623,945.4149561930344,14.995192318162292,197.2396954194288,25.858203882301048
152.59882794248423,49.134640878580655,988.8398872682598,15.86452590126831,222.28675053471423,32.94804942830982
159.71570950954356,45.80395166330497,997.8261525093068,15.836411511775944,166.8882985348989,28.47897402218983
153.38496407494415,51.00284598615472,1018.6052736303432,19.24954280603392,102.94099408916055,31.294894888912797
165.4993440501754,54.820435841441785,971.319911355155,15.886004260894753,217.26548165224767,29.57022325390742
149.37320902726827,51.54416506299482,954.190404225938,14.04470883479199,323.2036876140445,32.91617089721917
159.6337612924432,55.1128521600482,1079.0270343284187,12.691274663534031,345.8600570673444,29.84543121442606
143.99361310081196,53.06758986365208,1010.4829707637311,13.980386613618236,224.53925706743797,27.46298068651766
159.7255444962673,50.97303727618621,922.5690850568128,13.480593765039426,118.23745611934729,32.074855725364166
137.54261221288013,51.598909670712686,931.8412997703596,13.764716646132609,256.30762205159994,30.20810940797421
159.5042383818605,50.16002074532884,1044.5099205562394,16.723272248995887,400.068791376038,29.398082103523706
143.62612872693484,44.0318158412176,944.756860346874,17.592126123562792,122.72723126946522,28.17729362466133
142.46263835642512,54.267077793901535,1023.3179187223168,14.168066144105282,210.3682812843084,30.92714232909796
156.0600995134564,48.79371172690729,1052.2544237042378,15.615225336378392,73.04828277066011,34.79841282034137
152.2745993460413,48.51218248320004,1008.2380420618258,16.693541550432986,163.11025349046577,28.62070615250857
153.41151974816643,49.68703436050239,1007.587899612437,16.55205582768695,291.0350655621118,33.35773475269229
165.79212815507393,54.47596610013866,1000.0602737681112,15.972072578835274,241.7490425534019,31.52106081640607
142.74256186846534,51.191844913673926,985.16962704651,14.636993675728666,290.38429180721084,32.85738591160851
180.7888080845524,45.5625391109895,933.0697100138376,17.30718068663385,130.02402012621695,26.40082420472936
165.64643655814007,43.58503887905715,1009.8657853702798,18.263713798178216,439.9188739707339,29.891008175872976
146.92221765047,58.66257499742546,973.2332456491888,12.169465616151625,480.18338731106513,28.97038221947089
151.96554776511576,54.48419657932766,983.9378616941044,15.195340753496671,242.94280309480655,28.864260770360534
143.3821353523161,52.84491539592638,979.648184353661,15.369420949562167,167.90818232076725,32.19300188035645
157.8182287177731,50.077895237907335,1074.4931719301042,15.940088374736405,371.1849685448909,25.79978783045097
152.71578837195372,49.1993360221668,979.3501088928284,15.514397940711854,359.0340806004304,28.06697919893405
171.43944089325325,45.98162716015135,939.441403535961,12.439088857995069,238.49169630882687,33.86422717455713
173.1465856667351,44.06200790485244,982.0829923989388,12.899718520795709,19.680939909864748,30.22982721135498
142.99879185060826,51.19623432055575,996.7905911445752,11.776865281794343,342.2176805346537,29.21472512933672
159.26177547531643,53.89180538083319,1028.5306498609766,17.36128182490429,410.9196613764512,33.96823340065541
139.37696286273896,58.06855634529323,1033.643061798341,11.537597393110149,488.30881865750456,28.654371490416416
152.08382807947552,54.00204762613841,1075.8197027626786,11.621633924065478,245.96401201956465,29.585752996015557
156.21809962217196,46.28764707150976,975.4423126428948,11.457862893823815,105.75337464088402,30.819355302880933
157.14000494092093,54.70385593994108,1076.6716850648163,17.66114980807808,274.8586275816555,23.33873697319462
151.7136828118997,47.7055786856553,979.5358780943448,15.313945921936869,350.43284862194,30.27893773958823
153.26133022242118,44.99834337697213,1054.0883363836415,13.856507916087878,133.99863344218898,28.766925190490483
152.57550390722764,46.88115519652097,983.5690762125508,15.901206825725078,193.9863771989432,26.91778934542197
158.30335816544246,45.8620488967564,959.9980717801176,17.47916801288312,92.05066168047848,27.27369098757608
141.60782476777362,49.87222964504277,976.188956322767,13.888906441026268,171.63774453222413,22.125548830877666
156.22849932347498,46.21602455715269,1067.0230525895174,9.93550782956063,346.68876925942624,32.777016628508164
129.32557899960125,50.90510779351853,935.386865244719,15.28196539922412,53.106913794228106,25.80658356472711
151.84836123694873,54.76437273601469,962.0858965556204,19.084152080287488,267.39973314059625,31.21986610266802
156.4084286126701,45.59062674386141,937.9119712259188,14.359404390926716,119.42258020180348,22.48028528838985
144.55617275474816,58.637715850503554,849.0243922089587,11.260516600609158,421.9967359710124,31.88281889268549
157.57507710047304,51.9733576491149,1001.89689177238,15.263855933543914,233.63049800375128,27.662941735440043
144.2310813047685,35.63868893359175,1002.7467055499924,14.679279837910338,335.38251272151786,33.57993301778138
133.3847993773104,41.157803172185744,953.680943500923,18.715404687075463,327.7549859230563,29.972452939844583
154.81009231736712,47.86821201897229,1022.864020230762,17.389525723753877,116.43957307590752,27.70743964008646
155.93101257968385,50.63189789773206,1016.6929983284268,16.744394000145956,126.41870034514464,27.86561341774889
144.41078152728412,37.34856238626836,994.188547843902,16.92060959256294,242.64531703085768,28.698379611062432
154.12931454275625,48.05911590729386,1000.3531579314088,16.00556885379039,343.8846031828674,31.177902346952905
146.14917719583684,51.97901766718704,956.643489214455,13.581117995144908,242.8171492066702,31.592926985892277
141.36009230320184,54.77652604285255,1062.2339790368394,14.877992056289234,219.56533040242527,29.061994662802928
155.0091718762438,57.567248716210656,1004.2946503146666,13.408885864118236,464.277766447068,29.182769950188938
160.7363174985977,40.10350094812106,964.0583806195634,18.711006629588525,229.7814887527609,31.18373995645266
136.64655641289897,49.584472136856526,967.5117386575866,14.346607573627272,431.89481148250167,24.12798423259803
147.4743184860684,50.84680412018039,1034.0108052725225,16.330833647383557,167.4391450684925,29.584463266178325
158.89630795623438,46.4042334037879,1018.436657365876,14.752542107450328,225.56503489892071,35.299535400982904
152.11017467202618,55.53540334643486,959.0785667029,12.128180952262944,298.0217977388236,28.54914858133369
144.75479733720226,45.48149069634936,983.5276106826454,15.357389433620952,455.0980620723482,29.45009787142141
139.95859233247933,54.76568316956622,1078.1444384254098,17.07217530209251,49.57305613881197,30.983433220722368
150.99332305429226,44.87906587835398,988.5100184712404,17.559037339520316,155.82645832732445,27.584714456908472
140.60120213672644,52.93182009377546,988.279609984184,13.39006703829488,321.9539785338824,27.47270210962102
140.91975924478788,48.3982634590284,1031.7709015104613,14.097682283182005,18.23052541280923,31.978353723340835
161.0330188201652,49.5473335884792,894.9986746174188,14.68369231125536,409.8385013902295,29.574727337917384
152.03463635867223,48.00181907192699,961.6671706108326,14.87163167742236,355.17575035616613,26.211690672904307
131.29208078974145,42.18727071556729,1042.9225558328333,15.448679313556164,286.3851383434729,30.185650058661405
157.17542255795962,47.08461280715531,991.2822871048584,14.804169507114192,90.8817988805971,31.24751050885818
150.12592400781796,45.33366020463402,914.6321021203528,15.355500212536064,421.90643182915306,23.776079887360893
144.81729781726352,60.383739917804206,885.1909523431381,12.765627076585996,150.48315981581084,31.29665007227776
148.14341023336183,35.75728689684962,993.1314105800302,14.334279191234977,8.01407822756156,37.03096215843787
137.10039100258945,60.31262459621573,948.373804823623,14.752534639800489,84.37471919911476,30.32117235897689
161.6316375215496,44.53843617663711,966.2145960419194,16.762815057847142,480.3731513856777,30.094187596598328
130.47912200477498,43.34383523221111,1023.1030446625948,18.006839656858,488.7282815919213,34.434215695069334
155.19346514241172,49.92345075413503,948.5314245908964,12.69333519358851,338.43613791378823,27.39213903903407
149.8098379209731,47.1174479963664,1060.59719926932,13.81237718386259,491.6703842071133,32.23983409380647
148.92969640045442,53.76670810552266,970.997337931498,17.177539308433346,217.50729717011168,27.10265210140812
150.6980208499002,50.96024558245016,1033.3156250454606,15.159195724752072,366.58018906839976,31.828578135625804
152.41962271566035,60.37630436312632,961.5428825106352,12.4256728628315,97.47913574931528,27.782914025930303
139.29107501938887,54.59158303001156,990.9804159118796,12.79266034293926,431.4798116565093,34.13540888238451
150.9767609854883,47.78358874404245,944.173778002567,15.800962773012657,230.1645253213825,29.7241296521872
144.6913122707968,58.07791411774116,893.9649923682467,15.351072459157196,308.1453741770723,30.06031940060729
151.29221181975228,65.96553783922431,1033.417024435904,16.46927509091866,455.8925561908857,33.35564983276598
133.87284128810347,52.06899548725749,990.9387913390948,16.390405800167997,67.216713684775,36.12653373160419
153.26927373764164,51.46778966083315,985.0161675996608,15.641571451865367,298.17324874838795,34.08968692539675
151.28104414910788,52.96778361140431,904.3872512290112,14.205609367708025,213.770927679856,30.321623886120403
138.9347409125833,48.23416853594656,1051.5290292812028,13.348692634395716,321.7144747586654,35.304507879179354
142.03104744529523,52.34387128037512,1021.6479912680348,15.62626428002631,121.58999013211296,32.31240665996391
156.32781866106285,44.92089090510802,997.3439673491227,18.84073500428852,63.0550708393125,37.71598595248491
145.7311893005258,55.14980408790581,1015.5654336721442,16.48837142063007,132.84278243313173,29.939703744691045
150.13001891877906,41.535215929023074,919.6169486440972,12.066429618768646,228.44403586863345,34.58624355162273
151.06430227691897,49.88565968850559,931.6431096769876,12.484263688182224,133.0506842686543,29.389616576759085
146.2855913400421,45.387949077507486,973.057907190363,16.64031637351097,345.8888195709912,30.748253063055124
152.48220586300337,53.46552803631572,968.7161356251894,12.412984749591809,429.3000534912491,28.328608282283305
142.6906996005808,53.8983026613467,970.76911346714,12.046150144936195,170.78519351578396,32.14976801927895
168.31458765854353,50.68267665541369,967.4988032796552,14.84866879134834,252.96290007319692,30.64142638182319
141.79317681648288,41.77300626521554,1057.0074519260634,13.61079926167371,3.67652227721349,33.180269219726
167.65454240281096,51.168929558953735,990.5439804611484,15.45799278491868,141.27513375931943,29.488842703835413
139.87895624739832,48.326123339467294,1084.997868728819,15.843092167073122,447.9078657800973,27.68639910135213
168.46707325736034,51.400805794098034,975.0134911924184,16.07258181903438,184.36257773542297,28.50409831263465
160.91506851922463,52.7336678410069,1031.2815466823,15.67737463584338,284.74862925928795,27.755711806135057
142.32652437111952,48.95338161424067,1072.4249614946464,12.95194281822724,310.11742448056026,26.61581233557692
134.65885829264377,52.27943886040804,943.8727596877792,18.983106604409468,346.4601146123943,33.479519899165034
123.80254895910257,54.9813340972357,969.1174052282825,13.533934008952022,324.3414766786822,30.440805895160064
174.63242112485287,52.47840943986302,949.8906272109264,12.58104612916239,470.66719639345087,26.53952272204565
145.5570673992389,50.10396853837704,1060.003947821343,15.672289926052455,425.4263786610477,30.308575733797003
163.29152530132433,51.427770374288286,969.570513838015,18.780881370311565,116.8452244126818,26.87318523585825
141.01585328651643,52.29986071469558,907.6906068880952,11.846007035618005,34.01865704583484,33.12129267793452
148.38714288333992,55.54091408368758,940.5294053566336,13.54079506038518,442.6194393537826,32.012733744830626
148.07639035218878,50.75209452571788,1037.0412172710062,15.777957458704368,338.30861677625325,30.803530913599
151.1567463429286,51.34296139431628,1017.0294608200248,15.415605014706626,457.54922724501495,26.76446177590621
131.9511789933548,55.443743098520926,1024.1343943604606,12.652240071182057,341.2558650581001,31.620863832107087
139.64757677580627,51.90579192441389,1011.9702250267688,14.247398550150008,146.3275488337039,28.38427898011013
155.14438834058748,48.74583491772477,942.5868355623692,19.09372439143912,146.95838025246687,32.31225062885636
142.97946906122647,53.6381477181849,1031.11035720217,14.811082571115994,73.97916705470293,27.68468412782137
144.44800473306802,43.85225202773792,1043.457729624845,16.343062343458108,436.1972816774074,28.656115984650075
155.13267433113356,49.01825075457511,1072.6233767235371,15.28717587301032,20.166926069225987,31.42609683207603
141.74502803207488,46.9329866822953,1025.0332860690603,12.268351689169124,160.4985228204489,31.30801732566774
147.79035826170335,46.79259202388524,943.4898137663038,18.846891589649907,201.7599962201056,31.37197284326029
139.7348470058894,53.73955128058767,1037.2502656438642,15.448469489070584,249.4839721103965,28.72273318604523
128.01194043379917,49.47025822847933,1047.7650279118875,16.521693308622957,481.1690287406034,29.30824080442916
168.76795812558066,45.23335695870644,990.7737321172076,13.418201236664894,83.25177352475754,30.934472576393368
153.33662105286948,54.519674205430974,1002.9011367404198,12.041111553720553,390.7310443773546,25.462413104103373
149.44415329089546,42.18404595651671,943.1157164787592,15.222745203680104,105.85718607398542,30.018819468553254
146.0789184686784,53.6632003860779,1051.9555893710135,13.272234078820468,104.54868229480712,30.68248762719616
145.34270246429742,50.987998023462,961.8637610716892,17.651593295084382,119.90997610329512,25.21231809427766
132.86865470909123,43.26436855235152,953.9070093437344,16.01117848367175,422.4320427052543,28.09377035931379
137.88983800237543,49.261987068506656,954.0656744256952,12.521894594946716,298.84116776172954,30.653407019246178
146.98896304410712,49.80745765249647,1007.617743601686,15.448432808581586,315.38521008631034,27.723704226193878
148.8435171761176,55.39340416715648,973.7955801032704,13.826937460872127,142.60290134020704,28.594511659919053
156.2834550926428,52.999643649981024,1042.4551055371571,16.669502652649765,483.367113767554,29.791099640099677
168.9679298265395,52.8195456002618,937.1211070542691,15.316106979840264,184.12505369756656,26.910564454374462
148.0966132191639,56.04183115296571,986.0119915752084,14.903822985338454,487.2196553192377,31.3700640321912
144.8238870096383,47.189159867108486,953.1746812605202,16.90003165733929,340.125344165187,37.49224537925956
140.21236284217693,60.2874773485585,1010.5641846139736,17.01426667294632,373.7603183732524,30.48509558011426
154.9331790088089,49.31275742686154,1009.7512492014064,15.206876258616212,180.7700938814783,27.08170644972
135.84629257949587,54.99005054929826,1018.8204763048758,13.586214864025305,10.504578493180372,26.807339979547955
140.35076539419896,60.28103564970161,1028.6028720857073,15.505137691993246,284.652492206101,35.354325117555284
147.35343166762044,45.057044464245415,1101.180310961482,16.95062491695596,193.0254678259179,26.97465380235795
136.95530499495146,51.99843975876321,974.8512614724328,16.3908049491006,403.9786640545095,30.53974310863925
165.51151975522524,50.28506562448542,1027.5738137619762,16.6814689642591,304.8409541378887,30.321509745778787
148.23052772505952,44.47147665757032,968.1346126485604,12.219556149693076,9.825741373423902,28.53709973713511
145.1056055748178,43.82825564060039,969.6567411071412,11.312412833038508,22.430278813858507,30.53886681789577
157.21672064043236,52.01865045168304,1033.9571387719095,12.760907743233664,53.51456710551905,29.490442926966807
164.53534077157315,49.50830186602625,1009.2370289447862,13.997195706228728,237.5541824659177,29.75686210583477
145.30824347895296,50.92340152932454,927.5177390150736,12.228024115202004,429.161469439429,35.193508895301896
152.1915032766394,61.15650073096316,1017.9226809104812,15.437068084821892,22.294046367072,23.74262268328499
137.2325142417969,53.35670038225233,953.6650845576344,14.518669650939572,221.34685098371796,21.78257938158758
156.42722759867544,49.72552999691857,958.7742919236164,13.536736522182943,394.4569814829335,29.41264418709425
137.77872191108054,44.10480104420099,1016.752901454206,16.20618936989767,315.31764749154024,28.55305928719109
144.7424497831924,46.971425384983306,997.5673824214774,17.053972526639463,108.72646610861796,24.440944551307293
153.42725346377705,39.32162893010652,1046.6095782130192,14.814111586772825,359.99840131372315,29.86423709410699
136.48315394383667,53.38937659765454,1078.650986260743,15.65821355742026,365.9363686432504,24.986490682517804
142.9233053438122,52.095095046830224,978.9619103159472,13.575558472701898,255.23006567322065,31.05349640288125
160.0629280921444,44.15041582144856,937.7141311776808,14.901941318323926,38.48459150400869,30.768511817082835
148.5294261849786,48.31457014440981,1028.7602508053285,12.31574450302977,221.719551418022,30.293481524123766
144.37712470759027,50.98955391731324,990.3086930613598,17.076757702038634,30.97325928949396,28.741695742024348
139.93982618500297,50.3223720740506,999.7201990585476,17.207754686632516,46.22475851853331,25.25271607792908
141.41642219818786,58.06139128994323,943.4692332531235,15.554716923929352,498.1122465223193,29.482112597127497
156.86260190374514,53.168884404660496,1037.2095985749968,17.741072287993426,387.2428015598954,23.68575148284296
177.2016916658962,44.48205341392114,1000.339992228,16.03125617688791,483.3530700092303,23.742306366799987
149.5228864385802,54.311967361913794,1014.4361831412511,12.753011933520805,246.49135522904453,28.932077746842506
150.67528204687923,49.87822703869509,1068.0329297919325,14.177146785767995,22.575682206145974,33.9612420293515
149.8148686400761,47.26877775873759,981.5361430376898,15.1571540594383,340.6410552662169,36.82747628294291
147.45022782579144,45.00348883852545,1042.4087106333334,16.462760505149983,19.503210381409065,29.890230076971207
134.84255885002767,54.05404136579891,1024.193832559402,13.421322988560652,494.0069810327108,27.582601035347388
141.77779604433567,50.80286990524933,1034.9414210101268,16.412157827630264,368.2365873095364,25.253330499760565
129.607678222399,54.07868606269648,949.0167830653942,17.692451512405498,246.00086471604135,26.780015903331314
148.4432276460792,48.98163124911517,906.0037807430476,11.864281149269088,380.0174509015869,35.024579018742195
142.3220243489587,51.43562082600912,986.3003459085348,12.154050149476651,311.47702209169086,32.857434470858415
160.53802052034902,52.716490145181936,935.3363521064418,17.557731626626786,113.74080184676998,39.33873060313152
133.0753537028518,52.42366408647237,1014.828777257038,16.192882275163505,282.29704064516073,29.46721201572378
146.72337853402232,50.2597294290365,943.0583441109616,15.839219944048237,492.32723879541976,34.82856199732792
153.94452142378296,57.46344284479761,1016.3910586421542,14.773743894968518,378.3232746761994,30.50271031740297
153.61636025047633,47.661493993440544,1071.137406804997,15.4505282344951,287.8326264987098,27.938957700901508
168.82024496475034,54.596144672876015,1004.191331396468,11.04354950125038,377.4137291811656,28.85264280699213
171.33033374656267,46.070052697460255,976.7797868845306,11.877013555116282,84.5809469212101,31.003315544545565
151.66452208213056,50.799281959987,1010.8387781881314,18.217561711468747,492.2879481880565,28.98072297705743
165.02357052096028,49.16439143106794,1011.2653961020472,19.544869440893763,252.0664209592192,31.800638897232837
152.32253697161005,43.384551032962506,1011.5350452859342,14.250355886756388,28.695921844136773,25.996168179269304
158.21902504375225,47.53121708419344,984.1963571986475,18.636123845115648,449.6244591446013,28.433605289940022
151.9584525509768,48.88267008814074,1061.5437256577368,16.71602839060429,135.85879944908984,27.430954445156388
153.66598246096848,47.35691659125121,1014.7112064506748,14.776982345714112,56.98294355962058,29.694015850092203
141.53206281931594,52.75026049512276,978.5377789850668,16.78590774021754,101.99730180469368,30.86032233714776
135.64137848820562,53.045690604535885,975.6385717943224,13.2540778190926,80.72384301646052,29.385370008405847
129.74857413342392,58.38850407038221,1000.7136533918216,17.014887946390395,443.7122676851801,26.29159261190861
139.18451996385605,41.19595594009612,997.729439103388,16.32985432460348,319.5539234973532,31.977163031740258
138.31321962380468,49.71190601483208,950.2825312695744,13.488416999683274,137.78338815458923,33.97582827131112
149.00824136220618,48.28403862251295,990.4748447001094,10.219391265061123,376.7378027232403,34.23608063562975
147.6105195313359,46.41588839698598,1027.4441917658685,18.424080568035784,229.6718277969782,29.61289765461065
164.533844771177,52.209703247847045,1085.2052758127743,17.34343582943232,167.70340674817348,29.538284319075935
145.22342553234884,35.39324758252697,977.1349172456604,16.208241779177037,289.37823817999964,30.069587935672125
140.09463674869312,51.51317732619517,940.9593592345576,11.181287824985414,193.61157060510348,34.99119849643042
149.65288230294755,62.01707792619138,988.570004232999,14.611461736042962,469.0905862623612,28.445242083416392
163.66874267444524,50.07344097364599,930.9477698423112,12.878789867206798,37.63935832583682,28.356284087379198
156.15935606944265,43.27010159876626,993.2751607799132,17.11473661075645,368.715720713561,31.285026151982176
146.90787624148786,55.86364509629682,1043.7194590356364,15.408778063205954,426.02420790234646,37.64702912615317
167.9587767309552,41.257340133809095,1034.0679755221474,14.568780842863957,366.30634962019934,29.866915633465315
152.49383683710755,53.19025550720379,963.4521862142263,17.018943577191937,71.53097636170119,32.921178692557106
142.26990216144534,45.575986429865495,1061.790581000347,15.262130372431695,108.79396996582224,30.04807584688548
145.59955513303015,46.322350287051165,974.7910084496164,15.462891845051145,405.3417851687959,28.99426775439592
145.39361229040213,53.261614392067095,1000.01035324591,17.318148129911794,378.88828018757897,27.58086921264585
147.86552848288153,48.87617299053658,980.3993680040436,14.726009021115084,154.73477454430045,28.777619678125195
153.85317379728838,52.202373689802,966.9008911101696,11.239979932184472,234.70342099462903,37.176328905821975
155.72582781356158,46.27548677596776,992.2370475587626,15.72129578287159,152.5498434097633,30.41849338844237
149.6531511261322,46.93781312679781,987.830801031249,13.059751479240711,223.43709760021943,27.56731819139925
152.56029734313876,44.73158790426823,983.2431109414274,14.084303227635022,314.84179762960144,33.87618100297957
139.7561235866571,45.39663203460317,946.4473160175476,17.34551369053489,472.3536908362408,30.05837476655665
149.1087996048721,43.51584026022077,1034.4853902622597,18.17725385608719,387.93862723484654,33.607729515675686
142.22183312409123,48.3883976539433,901.8687154163712,15.14574819603103,489.9777236791392,30.374256298991803
149.7909840603585,52.68254921785202,1099.7833744891982,17.20164279684521,288.2444515699329,27.699407885986343
152.4368721149191,50.01523010076707,1021.0486472194694,14.514637446375934,25.828678557320515,30.15068309749704
143.2360769794073,49.01330789846337,1017.625248417844,15.62221998228639,63.40089956338002,30.08829177503265
152.96984673233186,45.76519325840836,917.8405594422916,13.206715545369583,237.15433243421512,27.815484297090556
155.8685709380027,58.16715766150548,1001.1232946406024,14.721205598673532,369.2730266984817,34.05334226996015
158.33922154548904,48.453954614750685,961.5001966901272,15.632716643072287,9.986466289014064,35.7008052729329
153.24083969394795,46.87218649245235,1041.2549132333818,12.256652605539069,28.11214742548612,33.49911163700776
148.40061470036574,53.79577580151324,931.7022144399732,15.154312992435434,288.27249497557,29.36584731054609
153.7721187506452,48.56997889059944,1010.7356591585263,15.924967248133708,74.69081811321604,35.16646529342459
133.92516765438774,49.24972206483736,1008.6670832185204,14.801811399517462,196.87757078270332,30.00944318071898
147.24948302848355,55.98315743322826,1053.6489023883005,14.817200884981771,433.99979594754495,33.57325756432043
162.3781631197346,46.71552860514302,1003.4672168518124,14.191205153632078,156.41709876211002,28.22614563359432
144.88784323568814,55.40024032857324,956.9456044913214,13.104214565462028,202.73583816520923,26.46267535691145
150.96995964992718,50.283249624485535,1021.9750615310112,15.392262918047814,433.9898133654514,29.597459367969225
135.87696298664707,52.12082973200958,938.0370802573264,16.10348159982184,26.37197608110869,27.588154755817555
141.05392697780496,54.475191570380574,972.5229862702232,16.62159729118342,313.401315032422,32.910948605364844
154.29618219132587,40.62413765177128,1029.7514732917782,16.172331600785565,3.7315702086097033,33.50252946895934
162.5575612557352,42.094046489839336,1045.769513778008,16.30995116844338,102.1282339681982,29.358374497336083
148.57620514978706,57.50666825977744,1041.4866208939586,15.252355807323934,152.0473179856419,28.469517559049347
146.15444455770174,47.33649580169045,1045.9227221971207,13.37519530212516,229.65184410653688,29.23515908878923
142.09525544554688,50.56635205268882,1035.2253269912362,12.254281097037872,341.7147075786353,27.87170652801457
136.7181395110157,51.12225909279986,998.7212843904002,13.074534869430776,485.0372283333534,31.763567664413205
158.27183249036025,48.59662461566613,1104.4769360847386,13.49512952529393,432.1831332279866,34.35826663537855
146.6549876415905,43.88029866618872,1005.2177968761606,16.54384030967335,479.435936595205,31.1495045692767
145.79813182904144,49.50705933857869,1047.5724638529043,17.363782185919924,315.7721893380802,27.1800965125498
165.0399298858269,47.47612539385892,938.3738342615744,16.180844122502926,227.7833909950544,31.97894999424711
140.50601111168058,52.5560129976249,996.3026217195804,13.615499341468208,318.651078269012,28.524129285391552
144.4777695571903,51.44346814639928,1058.9862604180355,13.552019336514782,39.31335549487902,29.60722258462162
152.93072473298682,58.21007580068185,936.991761741371,12.922912358312056,291.6536240921023,28.84298210706645
155.88317206484575,52.53995663456272,987.4230556977752,14.576666036137649,249.1665141471186,30.40777370165504
158.6960592010566,46.77017910437732,968.2318805587186,19.09962419157185,478.985533241227,30.718882554716995
146.48486515958692,47.35473661326853,988.2689715021291,16.808035109522628,409.7478426930261,27.21734000756481
150.26091050210837,55.80939151304095,1027.9069757259251,15.33611961193364,28.312778688779016,28.938942721298982
153.14247332595275,47.5805708297284,899.8068817796623,9.33568880377886,59.60522142028668,24.2578197882376
144.33702270397228,46.22862074990321,1055.7160847334435,17.63660464970534,141.3827285300493,30.915729379594055
141.8177931676653,49.647506109704544,1022.8886433075944,11.902078949893047,359.0070890635008,35.020091838457574
145.15765927133748,43.95179490654397,1018.1815941312484,15.296178839596552,77.26041499525948,29.439963113059665
149.75874912889998,56.5879876780398,1044.5123750418254,10.827044683257832,461.86569793838805,30.33265914848525
149.10264305712772,52.77802233001725,1061.1541533547663,13.78354698511048,356.8301415560769,28.44399984113637
145.53485047932978,50.5268775307298,920.0937824058126,14.180626814741006,278.8443455927264,31.69452707580037
153.01547342333612,51.824805012331126,974.3393216764208,15.502947217881024,181.7019659997135,27.529395088122453
151.09394794604893,51.49376454182843,963.2913100610753,13.028392382664348,73.30727857992115,28.420404938711872
142.26210800896428,50.61335157997398,969.7627667730892,13.440294107556722,356.1101025885793,26.43670428024742
156.25667347765005,50.89947075576739,990.4980482499252,16.95684422405607,348.5831271451752,25.583888780919622
144.3981895980303,54.96021174768261,950.0969686342794,13.124148846927202,390.88991296436313,28.96224201285849
157.0030987940899,56.57457226792024,1031.1355611950137,14.955442041632573,237.2667813112204,31.916031419640905
144.5508091319105,39.13665226992982,1024.9932061870186,15.562018500563612,8.456399960803662,26.84633991065249
157.43264094022717,53.07683742006527,1074.08317012313,11.427249069290626,397.5551412633623,31.879615090010827
157.12998430172388,55.93839694230782,1015.8077978591388,13.298929442505912,215.07136604841315,33.29695007232589
157.60414656144297,52.03526143562267,1009.9905216859356,12.900689002180115,475.1396118057035,27.49172498934112
140.22444755201448,53.154058422773886,889.0349813626233,15.848787875722024,320.54305179107973,33.70117283500858
149.96397460909432,54.76562522688043,917.2556281885852,15.48576402630055,235.9512552822615,30.0875715118067
142.8015579160529,54.41829968743336,1056.0515333662236,10.900117442845044,241.00866988846624,28.038962578087745
171.6325472330546,50.714715473818536,1062.8574608431286,13.526459728104756,8.484564657733229,28.188423206289137
154.73832920911786,61.26217902672154,984.1142451621884,15.21881694366594,298.904006700757,33.75939847430473
144.44522880839745,58.87655446304756,1041.6666955890153,15.9873096952863,324.01515902760707,24.77115740854001
141.84189715034563,51.40595711984688,996.202448817874,16.216492383369935,454.96507907985927,29.292866265429996
139.87168879665575,46.74290998192776,986.7742579344696,11.961307849046316,288.4039598191279,32.26946506294829
149.49761890550863,49.03170270360141,1027.3632398688983,13.24645243757631,350.74955073258303,33.246336938979425
153.43618289568462,57.38270174862948,983.605264174354,15.85097986648046,159.01980584725993,32.05676923889525
143.18948342525118,35.2980568266786,996.5682976957264,12.795460519088287,80.43014674254894,29.043460933515806
137.19695601329104,51.54025269752052,1049.8285255289725,15.75830623745225,489.4736779273309,28.27775226873819
157.55391225825755,49.39126245808358,1016.393976207968,15.950861365053246,234.51246985894176,27.063777491070702
137.48460575809557,45.47133849568691,1023.333549098304,19.368193466760918,45.36044137391543,28.84837577600765
148.72082408519233,53.61190678913886,969.7069589620552,14.395638826034755,471.4913920355679,28.7705962686194
137.62184501173152,54.78351158397293,950.941723443016,16.752911291005873,202.82262972361875,33.11147669597473
146.36387787786146,53.5472590856952,970.3822022173972,14.637101861504966,132.5853705916778,31.912817436693626
152.23787951638897,48.95389063127736,966.6110221765556,15.4860094441088,412.7199478743144,30.138019160209023
160.88950596967365,49.35089650133287,1066.0652016136503,13.024253318198502,302.9484075897415,31.194441795367613
138.49006422577696,50.190017390841,1090.0255590755428,15.380847779850116,210.85630876295815,29.52508356597101
149.1784882160743,47.02169352978254,952.5541739587582,13.838703394892098,437.3830312769968,29.94631506897495
136.19898541785108,58.03672788009996,1041.3023585720753,12.447391166923328,231.9927087201904,31.518472966382134
153.52055396514297,56.30960750356996,1038.8703676382256,13.33143637993075,49.6188324598405,31.10023922367677
156.90143991711113,55.98285750832245,968.5368303153606,13.58195808473902,105.4849453099752,29.447562552950394
156.79597748934677,61.05261500795676,1050.3756844918462,14.921960961244912,5.256612270826744,25.201815713417066
130.40329876120225,42.6781255989509,974.551818714625,15.340927541993144,483.1371488740929,26.44099071867044
164.40117215449473,50.44790340627625,987.0572799815084,15.726231255489049,436.8390172803744,32.55960463515466
171.53182457511556,57.35585163746804,1055.869940795123,11.634682611754627,173.911173716523,27.701637508167988
144.2418175935532,52.2230133411007,989.534309021032,14.562693445129929,324.7780033784809,31.25239526946389
168.00940432910815,49.24363358173244,971.482431679316,11.220701415807694,433.2978442977517,31.5499333378079
143.76859473575234,46.76886345078098,972.586560253746,13.950675185866396,87.39249394168297,32.28151835875243
134.43370826476095,52.04909328464257,1012.4654297820864,14.719249882189327,313.3766742711656,23.416852590539925
156.74819492166603,40.5907547725118,924.1678725289604,13.58042201553293,209.4618123964593,32.12109707883236
151.73180925851182,42.03503133234165,1009.4853083805198,11.92991950493528,145.43842711579126,30.57779075619392
164.20504247989854,55.00291159021489,1060.8979576152778,14.268988126029468,388.4106836201405,34.343389255373594
143.87211309515612,56.52170121439076,1020.4303653850884,14.256284235442669,342.3625819405023,34.13540206636142
155.62969236690572,49.98312771294524,969.3881632746125,15.102395803762173,64.1749633073474,32.27647324849083
135.69224897881952,55.66885048433532,1013.5028679195711,17.581288921845093,63.55524543351199,25.78554916821748
136.55549488965724,53.541072116282784,914.806420658664,14.59495154587034,64.69030848335045,35.14772289339808
161.43754043206928,45.948737814928094,1087.9310242097567,12.86753013620155,337.6154187810188,29.796385854901555
149.59842049355655,49.0254585982366,908.9698349725742,19.03055022092128,296.78762720714894,27.056022190447607
161.58595579007405,43.05213766618202,1024.9110874248393,14.081819379562017,252.31864398871744,29.412904406559296
156.45484181141074,44.03037496800472,977.4993571002092,16.171808402329297,322.5750416504517,30.175110872453686
143.1997527842151,46.80519126155249,1001.044324414798,9.186023561356716,199.99150914678427,27.780686508081097
144.83955271782625,49.69669593092689,1134.6516831990248,11.79945779099258,414.9697966062217,24.77168407835688
143.18015752002202,53.54151923600532,989.3895515049423,16.50219890901462,396.9775423577953,35.8267367842689
176.3238206483739,56.86829272581479,977.4170261920189,11.062153715167836,35.34830409218309,33.9841706669609
149.73486124550783,51.087164365898616,991.8603546963852,14.433722206512464,467.6972448338993,32.784737074032975
150.64280019095463,50.21905735989555,1070.980150225682,13.306298067749273,214.17590028442316,29.826276750369274
157.1095996820349,51.41643935773071,1037.839433999349,17.55078147599803,381.0648102251623,30.24831871135628
141.9772273077838,49.30205185922413,1056.2717392207385,17.141221119958374,408.32762160081177,26.639857732590382
167.55340842443204,55.36253668654901,1058.4794996213886,14.845557909553907,137.3329348939527,31.512863560152816
150.6751848141011,52.53917878144812,933.6763935844458,13.93566287374562,375.8990817934665,31.197952805157392
140.76766753889095,36.48383853500381,1087.7737849157745,13.82814465336449,354.29177288391264,28.90427706753046
145.40639100459757,50.882207776386124,934.0376402700616,13.608610245605872,481.3662919305695,28.24075455333368
151.77701000933254,42.96841268164083,1043.725853706626,14.699359079456256,425.7907000086186,27.060223275653268
146.57312405919652,48.04120925478089,1013.022113166678,12.713961375852543,81.80810206913813,30.880612589905923
157.51933032686773,55.25327198003806,990.4486118699916,18.31081422617659,350.40420900087014,30.47392293675436
156.1167628884087,51.303368829119535,984.8136985611668,13.432492957751144,305.1815039090785,28.41159910947897
153.46448209496975,39.23304943198143,1083.073508286401,14.261585599105109,177.39864482819434,33.12018545970773
150.4698059376474,53.594766553325336,986.4172444836972,14.802309597521388,204.59129372924428,28.989314619644585
139.29915233673847,48.15194831978183,942.6154305092166,16.826947464034813,273.4577568965621,30.29680136108665
155.13785950912208,46.68549541224526,1017.780667439283,16.66038362372522,171.5133562950122,28.63975767484844
151.98084760767856,44.9672871736018,1008.5919669896764,15.32097924794696,410.7356263880954,35.11377627989213
153.8240974618405,50.46422450570557,941.6110224366032,12.25651374147299,42.10650558854917,26.976264913715383
175.60084538268794,50.377168194507966,1044.76777153813,13.37397125547974,398.1953613098544,30.226729118010116
145.30525614065047,55.24776357659668,1032.9622834216202,17.165382107774146,37.44792100099187,25.813654485734784
145.21251378336524,52.54362511614967,958.347197149962,11.062991573123892,243.9500976396509,29.689239439782657
152.08863595004755,43.8711716849883,1019.6207983589384,14.31490159828447,383.2979723560258,32.60631750177231
140.14273953664457,51.20376589744284,996.6410854975322,14.74469063696362,264.3536599420263,28.20053393004045
161.26565029547757,51.62898158291083,1075.9641961820885,16.101595144547325,70.6917771081701,29.334335186123194
160.32465260551146,51.87028284923786,999.3955526076973,17.1162366501743,289.2709091017657,29.93389540798719
156.10370265433465,46.221274202535774,1012.5100103125848,12.948494632719443,397.0072251329814,26.634746691432337
151.8676676447708,54.87598814891215,1012.0660967458392,10.64586990711429,464.3817106027462,35.067566800955035
166.76437312275283,43.72855288415376,927.5704292683228,17.623967477147893,174.8071994038611,25.507659994182752
163.4542004615498,46.65927957230503,1070.5229572601752,15.09386980412074,154.73128822309118,24.07211010032514
154.08252755714472,49.90290197056134,1028.1440430087175,10.963024271222723,189.15780358262973,33.35589700246263
155.07274031107298,50.03211134905469,893.47167600964,16.16514263761761,385.91801761505496,25.51788662013075
117.58732659930928,52.69377996223184,1061.7891095911075,13.190771250012467,483.279219690272,32.128057543365955
156.54365656354057,48.54094365542228,1032.5760995669752,15.068054822144465,457.4174749984391,27.445380060662043
153.0729952087661,48.548627279056745,1070.0799296473217,13.108986240114538,85.23125579082102,27.882679550713902
153.3231401197959,46.78240884809929,1050.883073342175,13.899769434126922,112.58051210796592,26.92239568209157
152.50492850345876,45.04303825271846,991.2072797783964,16.683967390904254,84.01002609633929,35.2444112073625
149.29834288541352,51.59587255209591,977.1939586262906,15.362125485542164,227.6974526239704,34.93062452736159
146.64215300709873,50.12109728336379,1090.4653174866555,14.006135949764044,226.44168020775584,32.06379891615428
161.0870358058291,49.927738645608606,1019.1494492370464,16.699223977032425,473.57646800317735,30.14347595935405
150.865897874729,49.49922961760024,920.700834388102,13.93709089728157,410.25375211605456,29.01153209934604
155.83928185325965,45.95198240039177,973.687607174129,10.607744357800108,384.8657091484401,27.14644688883613
166.87141635072564,42.37171842714952,1001.2694210271204,13.1508717712438,170.48098682149427,33.080683854773746
136.79543386915725,42.799745587028525,958.5751487609878,13.575652271647913,29.228993618438505,29.383116439070257
137.63049289121918,44.51862456552399,919.9548010761742,13.584748210355947,114.16562618430542,31.76178724039253
153.0780176889206,52.565528990880416,1097.7078716875144,16.99116302800406,482.7243173003106,33.58659416426013
168.8115706944059,52.48349611618261,977.2230236988064,18.056062718775664,306.55811953462074,26.35558159233407
160.1437006501813,58.55306686290962,1042.6987988276112,12.303905776119668,493.0883986418474,30.631488896764512
148.55639588076056,55.699392805645225,1027.662560999239,19.425062078794483,177.03228117754705,26.675662625223392
142.81555778747563,43.165606507922895,1034.6739455956997,16.357862580118557,96.12895923404596,33.101643164772625
152.1397991073422,45.7473977289535,938.1168788836352,17.04706128837069,52.15654367594108,27.78390750501131
137.8581138721227,40.12266716823064,1033.4370827796256,15.950335492990764,228.9501475635357,32.450511034292944
154.73237624573545,45.08756303230845,928.8021423774928,12.606422707147376,208.58213948785104,26.406100712348216
135.9814893720772,44.28497543634758,986.8554585395866,14.283941240506028,398.999017609612,28.873099002703395
161.89016531107552,54.59577086805001,1011.0270713506932,12.785686366395096,358.7806913242679,34.70454728858198
132.21279751095722,51.61539636558015,1044.8533098443563,12.300847576896937,117.6916309491788,31.60309469590915
151.84633858532305,50.62788226735771,1012.197659895425,13.794358688432077,304.1056883832233,33.68997110531605
155.69767280232205,55.28028404533026,1056.7810073591472,17.23366755105991,311.5689268739127,34.172917074004204
151.5372510594553,52.76244977208574,1000.9573888707876,11.233699583882832,152.45156219253175,32.049669044366425
164.96044311489183,48.73823248936856,1063.7437520639362,14.169572464189455,247.18540552287905,30.273280818767734
146.1468640313824,48.4544176789875,1023.1295646426976,16.108115542231815,497.71075646272806,25.333878798476277
158.49602097021025,54.19245387225821,959.5867139179536,15.676046962203417,495.1425852924706,31.5150632648213
134.05572341205632,44.765445086590304,963.9131223331374,15.9828589054404,30.45277161759136,24.46028085658675
164.027943109361,53.19365111014592,999.0369810132804,15.982415330823992,102.40120452810476,33.18797187236258
154.82472415243186,42.14749698188412,1068.6424237338265,14.338421551344885,240.27997041813404,30.34747376168084
160.83051243175277,50.61148751516142,1035.987897107409,15.444579711601708,235.81318259763088,32.13423173839649
132.96617560644845,52.45487475819126,978.1617881380892,12.423384765072925,66.64212904108658,26.8319076001
145.25054688839043,50.17041734129613,955.0607975838436,15.882614303398492,71.40715223643367,31.49728744841325
142.51513463443447,54.63920064040619,1013.5747655412824,14.7059491531383,331.1589567697912,30.18699404885737
135.51986099583755,47.67344771609973,955.5379585885838,16.775007934828118,78.60194177847713,23.375157671315243
142.96823574874114,45.78376702341904,1041.0172006306227,15.035226503867314,205.47127617505492,32.32534536476726
136.4014385902008,42.14561923965751,979.1902797557372,17.650864218190158,268.7905690257572,29.9235176142444
152.3421473253652,51.80751762603051,985.008090186256,14.204884469016555,388.9924857854684,31.10044212985633
146.4070790921294,52.12030522232045,1069.4168889104224,14.675752049040284,405.4675963363053,28.974534539261597
144.96524345883802,51.6438120515174,1035.9092862853968,14.17701371087564,491.4734397773504,34.24256186499327
150.73317967188405,52.11799532796731,1047.0655290383745,15.74012223053791,453.49275921912187,28.148363260056115
150.05243699718184,55.928520773314986,972.6659957706368,15.390963463106582,4.913776284893922,33.08832166778112
155.5979044793104,50.41219876467252,975.6398539402536,15.928739727093149,71.93807769489008,25.955468863717527
157.07751935455477,50.21801223186227,989.7070284559828,17.003649707363873,46.77970345616777,30.094474686785983
154.72597482413042,41.91844695781706,973.4514551094018,14.755885735757444,490.69166712064,29.669983503896844
165.77453279763475,52.50422237472228,1037.896092496181,13.310117122813008,7.00725876302849,30.89639334096529
150.81874139386323,60.72574563886694,987.6487149627002,16.442958647514686,92.15069847504952,29.28695004911705
166.69021525289392,57.061102777077146,989.0977052303812,14.634862051240916,472.8575542205122,28.16105018618793
152.79021525770338,47.28663100132989,1092.4304416648206,14.81631047133009,466.1334419604861,35.69620494406571
140.24126747022666,46.72962158436288,976.7097215440918,17.50568526885497,86.98185295166932,36.10762060554538
152.22133771633713,51.33563325505742,995.970012535162,15.069427497505124,224.04274364153827,29.43539268368154
151.94089992898307,47.63954711151436,1064.7935890931508,14.881169637455011,271.00764923986304,31.194144649527782
165.93186626639397,59.366488881087726,1020.4881397979748,18.795534033491958,223.98582819109495,28.2890577966406
149.66873027126204,56.55154373059804,998.447053356455,13.521257185081929,169.25343971273642,24.80921180854697
144.24362173762225,58.199822646856965,1031.4764792110905,15.644164621533973,408.0283785571618,29.809279382441638
153.41755975777158,56.50870644699399,988.4799642897116,13.367565510916071,488.2282647177051,30.65597792027189
158.40643548988723,53.2795038826488,931.5842480583594,15.695123227607104,350.1739444332848,31.879304017361832
141.69049883588963,57.38765040527631,933.8771021628216,13.932799387121666,181.1467450001024,31.66070859320338
135.69858622039368,45.48046179267605,1015.9825912959489,14.243984201963563,3.0919113204483373,33.14073538346442
160.6548037506535,45.06410236424408,903.6163710327196,12.63193888355488,293.1177493903808,30.279475013099223
149.67305251905907,55.86736928742663,1069.0727039345245,13.771754869983369,353.8102928702677,36.20467812451747
139.62753845673544,60.30751788318199,986.0518534834096,16.631002044888525,418.18928870519966,34.721202649665315
150.60230209941025,54.35033865344377,1002.045958769786,14.398280505718349,375.71165876565135,28.51040479355409
161.59329803364247,47.62548171688738,987.79597631629,16.678937009036808,87.39064243746691,32.23545259285445
150.45571839903815,49.55858975824373,901.4948091144082,12.858295162631125,216.41996052858613,26.904101148458462
170.1020453876635,47.945928560227074,1061.449025124453,16.992236429822256,117.1625328252634,25.564359189003603
137.55345296688583,58.1233922923478,889.7216971450465,17.163969618499884,87.94514170933104,28.808030242345914
129.2660976759185,48.16587794092656,1029.1013283542363,16.7446307600569,495.8121714806141,29.936265662171277
159.59270826085208,41.932193010616295,1025.0891368083771,18.61439328727577,99.54670996796284,29.5481579561102
154.25457561784964,43.101909176055344,1063.6176750053385,18.281229126976577,197.095247299954,26.09146570942576
138.772779784377,47.25637546129519,1073.8467213059137,16.95777911711356,258.63608487715527,36.25413876369305
143.48399652394184,62.8985466882716,1044.6298669149655,18.822838174279447,267.77123654889914,28.6792223868408
160.8078072555462,42.71224250267535,982.4039341091744,13.898896136583025,4.309501295890139,30.04704670941487
138.8942415453417,56.08579260412749,1017.4825023649848,15.146393982003389,492.8003669764002,34.54633442505674
146.89733243406545,48.47387647822666,969.137340672654,13.035392839245372,431.71578889469225,37.61814486834859
147.69065469791323,55.93693025782376,1000.7809166974802,16.565747469897143,52.33022017324057,27.44816024114416
157.1161487808889,56.64097070924529,1040.938882187743,13.650131962418897,223.1631799932806,37.14514059519764
162.06508966508358,52.8045972397062,985.6276240299824,15.858681645603468,395.6553571563334,30.994943001377287
166.96456368290038,45.12735347664679,1078.1706679416054,15.07889409648148,202.59857128766484,25.853947293922687
153.2271856033809,42.60544215612936,911.188238355084,15.916336229577396,303.66220839653295,31.554305106089927
154.43819428146227,46.47494072120796,869.7893071686433,17.373469240354662,129.396204182262,31.02498069585788
155.17659020469122,45.36323432904713,873.5219961152849,13.00970303629324,60.18907475276691,26.302706282508
148.74213079900352,56.40508180867556,1034.8951636269514,16.528059563145717,146.12447836969395,26.428776792976528
148.4199210142101,46.78225083841269,1009.8646132815604,14.528060025578055,457.644970189637,32.89172080222759
165.86016816145352,53.54054338344295,1059.705470152369,10.69523291078164,266.6617739298025,30.12386236676232
158.7232063672068,46.65463630670042,982.0115677105456,14.440379315245988,272.4005426380492,30.929684338141904
142.408673384463,53.71047686004653,1001.6398497705792,17.211800848714617,183.3394398514907,29.6253393439498
145.28068134210565,49.07356170561146,967.5313480839288,15.567502047323002,233.86030798557545,30.46597499759821
164.4376460407326,46.731168306755904,1076.050311357969,16.141014416709034,131.34773850096764,30.606841222863657
160.31844539468634,48.65734676047084,1091.62785217396,12.47100318609007,282.925893705336,32.696007481017524
134.8480893780145,49.32991416663541,960.7006983682508,15.104516980994966,313.0273544904006,33.27632035194728
135.92536225623445,54.67159955619637,956.861211797844,18.1811641452357,160.36679115578562,31.60924169967403
145.12874616235302,47.733859753363625,958.7294735010522,12.255068904231798,491.2412903006239,30.83639943715638
137.04921227936384,44.66233542872864,1019.8963524973404,15.91561121985157,484.1634800496275,28.96455935658592
158.77362290575672,52.58089143557479,1004.6686187138324,13.903599403666457,415.9707708440261,27.94652480816161
165.6552402923434,55.50479817499286,1078.9059028781091,12.641261756734766,324.128477038911,27.6987976337991
150.4643654815615,52.23858462905139,1037.5289583760882,14.355943691015884,74.95462662356984,31.838372224749868
152.23884024279133,55.74222854598378,1072.7911161073384,16.789294375147744,78.38021432581965,32.62852179507922
144.29253706250523,46.64689895461677,974.3401817743302,14.697401559534956,336.70986445571634,32.81592006803683
145.3772471129496,42.43142803693586,949.7972701578994,15.318925013608258,129.1502145637961,29.169984684842564
147.27276430252329,52.14153548603824,960.7619045936148,12.771907099676014,151.8675231125497,29.819887374934307
152.89168643907817,56.32853920432351,970.5566586630651,17.181723341207395,142.70203423171125,32.359218635987446
145.1239377592751,54.567923131166246,868.2126130491561,16.281085870149546,273.23818051268825,31.841312567369727
154.56753219153785,65.68874266829997,988.1722356390528,14.5209961559565,50.58280980655161,26.300696084955437
157.70865193886968,55.82369677228586,1049.8429386732903,13.723434546943013,290.3779995278296,26.623238657904093
160.53152853332904,46.24015334130591,957.5785682904592,14.348777895702993,116.5094821984174,34.62097193945966
144.98242956415464,52.15020823595535,938.964378704292,15.61999796633111,378.2255439944559,32.903478072075615
155.04987278980457,47.09159543025678,1098.8220292257745,11.662801482243609,254.47952021102375,36.55528468510833
159.240270192069,52.569539248294575,1031.1034995153025,16.86625614468214,316.5893374478861,28.86372049019072
156.56553608633828,48.37584308245689,1027.8845530362562,15.62636894772996,209.66734020964415,32.90870707725872
142.36740843457483,48.138966119644735,1046.0900750988626,13.836435933215892,177.6419871184613,29.418883860585115
137.79156350028978,57.86993381645016,1137.983001945554,15.893745001605396,49.747334436482326,26.8481300345166
158.3569211206514,49.86242547474682,964.5210072625414,15.661702609231156,410.6297101864228,27.684777556209653
141.10485570374476,53.79464294893383,1049.3667258294552,13.10850787860644,250.97270256592088,28.03293684161567
175.7335980324986,51.692419217308455,967.1082723073932,15.29872696454238,98.59149098403314,30.95989557343549
158.20482181197363,52.7314212400185,1007.0628570043732,16.385715168474874,203.2313589760361,28.30741146041854
154.71415556386404,48.74976742700524,988.4737687409876,16.182698483516802,446.2345469760058,30.24896225643753
174.55300139910895,45.66912575892749,958.136878447515,14.074120975949484,292.90419710762217,28.321361144131597
168.46636996047667,53.107859449280255,1016.202851411078,14.17555850995106,66.23532817096329,28.115568782492467
132.97416395762158,48.48410108582862,956.0092823248972,15.290127491918764,44.19848357337919,30.039130123130857
135.36485051867882,49.596417099457085,996.211785673227,17.5589298633155,65.17656502163277,31.907903252135213
146.7397646783216,54.42022698180525,1012.769187783716,17.38918444102746,28.501193775966996,27.285156501185803
142.074792615673,48.10436129506257,1005.2947226557616,15.0249986438145,463.453781072932,32.14720272351252
143.7518142230432,50.35026081556591,1002.1757334321732,15.643357082753,35.03434786059473,26.83308153060421
158.29405581183488,52.33214991216763,1131.0396545514986,12.459877822575937,13.304183038842066,28.53334164286893
146.3903383418092,52.93346900737637,949.1658435711752,16.0667184894109,470.37542961723057,22.847079633642764
169.6472513291639,49.30772008008113,1003.7977633958044,18.39144575562173,345.8217009866591,27.5469528101846
152.54420843301213,45.865598229800696,1019.4807088685452,20.023113103168846,421.8643963551288,23.39626957964725
155.9065483069231,47.63080326464542,980.7489094143568,15.286097539757904,200.17831341991533,26.97921791716457
155.1503526720866,46.49004156096623,1074.2058014267982,13.454681109458352,469.9621864428544,28.72872095393189
136.7976679297936,60.06693623763312,925.173537245496,14.852054272811245,133.39727471691543,28.893181682905613
139.18943459591736,51.06598314118845,998.4280414812612,15.015760369389456,366.1096031561111,33.558436422126896
163.53872374165414,45.14192980744674,949.802131395925,17.97822621665658,179.83778061153387,29.87612193897815
149.65011509503037,60.85471358748907,998.3193717648144,13.0492679454435,302.15220991073943,26.86341154297784
143.62260015748683,54.84728600263368,969.606236966209,14.700118561841782,54.74118303449698,21.50090912957178
147.63181393259993,51.39497081111901,996.6933692687088,13.951103727474695,360.2283707313781,32.200643440517595
147.65846625276663,53.49111656806795,905.3192666523108,16.113106249067517,307.0931221595057,23.8489276281474
143.73032942212234,50.61602403392243,974.1785178056214,16.32940549066622,208.69147090023665,28.126468634734263
147.40408648636395,49.60179304377142,957.6183035690458,13.020084414895972,338.4100218150235,29.828876499441176
149.34249738927014,59.79173727110297,1049.2724842807609,15.344508772822074,86.19318105258311,28.18848510752044
152.7996862631982,54.4155488857358,989.9254233026242,14.641813429967687,72.12001055905176,25.40539405426907
166.65474444462578,54.75153795986788,1077.7080210357387,14.258834475198434,83.269256748635,33.94652487282031
155.7707212718054,45.00807280405854,931.1191249622882,16.374131591717834,275.2853172706821,26.83849351390696
148.1601666364732,55.42991058087516,1000.1847835923924,16.16547516634773,488.7190921020061,25.49138817395283
154.8937456122792,51.62179640860801,1036.5935352144147,17.458429568594102,191.41669738421763,29.94061696643788
150.05113456642462,54.581638373512405,922.3120616991968,14.74096550627312,212.75282963592144,28.29165067652367
145.65503772567683,40.98430161872027,995.2267876455464,13.214424969016232,433.5058034553002,30.34018317590007
153.4758170536167,54.04028899140573,1067.073795776544,17.1395429099677,81.86447893958548,28.015375672454123
147.80899471191137,43.21709097688297,997.4897691479129,15.388103887211749,137.1064445620735,29.089121781306
139.32379570617405,42.89094666629078,935.02093815362,16.36413898012526,383.1227363801895,29.007675311930843
136.01432426180858,45.90900558288846,983.434580840834,15.090445417999964,323.6710671865456,30.238720604826497
160.57122226218917,42.11803921507875,999.5349839430692,14.327490522637856,140.95917779862583,30.22708482001528
149.86502775262065,51.9961156130264,1023.8178884678108,15.907017425108934,157.76659033156776,30.253515437078587
156.20672097550678,46.53789510063072,1023.9720759043032,14.827860614418212,479.8728607309846,28.87639754774925
147.86011155774491,48.9594157136373,992.0477394799974,14.379384589230192,463.29269160919057,30.89535544194432
153.57787360348283,50.62612251323954,1090.2174054893371,15.370351073659828,148.92969919510563,28.02788233801583
140.80575765766196,48.779216823546754,982.2979644529488,15.082651264541235,400.9200842264029,26.128315734161344
153.75698018345673,50.6001566335913,1061.947317646972,15.898437442570067,19.961266281875613,29.44843832052237
175.26932425873622,54.82425816548729,888.0884383337514,15.603400017803471,395.0416249857189,26.04309450509247
142.69633368282862,47.21254107496083,965.768508712,14.164180908468218,380.944947188742,36.83125949415992
158.8163975694945,56.31292051713591,904.0163421901171,11.804801660809137,498.8361316323296,31.79873262373607
156.3240773905552,46.88675319132774,991.161291844211,13.435993014977926,436.76713212260734,33.2631312784736
171.89802933217672,46.97192230131568,979.3267419438362,16.01193110691173,144.8639918691073,28.75611929828441
152.80991867735034,44.48316696913064,970.124490265418,13.74453218783099,301.6227113420149,30.25340035916984
161.79297184063827,57.64234213206266,1019.5347960464072,12.414749305695477,78.18107082243753,29.47411641028796
135.9248830528218,58.07687844734721,949.5722657961896,14.870622789934965,337.1467868500123,29.019980257472863
154.91919171506507,46.61142315123947,953.5244569903796,13.394351112098317,158.45206886031238,24.13485368904515
154.78979825746393,52.18279902078834,997.8588309344212,19.607277504209577,309.14251050685994,34.053047257461
141.24381746615242,55.12031262905731,1039.5185948025855,14.633699057893413,487.8009595783262,25.51152356050605
158.1351721736967,52.98700034924929,938.044646217305,15.946943798070455,473.8430885321398,34.60344630538354
138.9366502599397,55.74382850186052,1019.5232424964444,14.813226282200104,481.8425943435246,32.61223993376521
126.98078835264415,46.95108547840309,1118.193624730968,14.838243004269078,414.0929346617265,27.544184920019763
149.45705133482187,54.928649978399314,929.7216490410678,15.42547955171532,71.93398317166488,28.10030580985507
150.9965136508764,49.67930826703504,1035.7690657720625,15.145361048658682,152.2452121770152,31.76217509941804
145.47693680750922,55.62056359993007,1063.1853338827334,16.012481978611852,407.3125280129586,35.66531081884277
133.3059471887863,56.10516847762676,1008.7605709454256,16.00548961498163,33.02765391108004,28.02993196311776
159.84322398476584,49.8338500467777,1110.9390116724069,13.06390848297951,203.1661154818839,30.4542091438552
151.9652116970147,52.60561214189669,973.5511145967992,15.098616663040444,319.6009146949799,31.711263520082387
158.12525822394198,48.18779529298434,1013.2681174699816,11.971059381638463,301.60653104975216,30.392070073393143
164.46977884353734,58.06110314127712,1086.9425675926666,13.287003525181602,240.09175763094396,26.187144836723157
132.75082167486968,58.67981901582625,1041.473742096587,13.83280134730799,384.3735656812565,34.28191609286765
168.65774511144755,46.55924827411138,981.2401809838032,12.525146723554856,75.8714564765262,30.72061753183867
157.3846657999541,58.41963845728935,965.2643434455472,16.220432339178444,300.39607466980954,24.26604932501249
150.77368307647615,47.17876200671306,975.3438588800116,15.992398374726632,465.3361277811992,26.3493098689795
141.91701714644847,59.13004856773468,1013.0140253291444,13.543455595186774,119.37588554301205,27.01447812030229
149.27171087343126,48.87683425001488,986.6673835382792,16.78739537877822,438.8747024313124,32.66123932933886
149.0394010027535,41.99017094051416,968.4211135417336,16.64655983135541,297.7074008100542,33.14659242562609
142.2717478546243,46.63254687878066,978.1640131979702,11.686753584644451,48.347279893783565,34.7949654229231
152.0768768716311,50.57513039573709,972.128847344584,14.17517236356704,211.34330982871285,27.82810580859664
143.2307799969404,52.47015093141369,967.0941755462372,14.42290260824859,456.4004002039309,23.46536604080571
149.8357710392725,41.58280903889525,1014.6096364163186,11.934598880220138,73.30415018000159,28.076657219326066
146.78614158347006,48.48765156755936,1002.488684359048,14.702061380465404,263.047006625771,32.53151852892521
143.8848219700805,50.94790808299372,1019.316165890578,17.857715415627133,421.4727412280986,33.67184625943801
149.4305437627893,47.82256814715078,1006.1773847977792,14.78732599493737,331.42989381733287,30.776309415731767
151.70865438127942,45.32280648977702,1098.1293595265397,13.755930388891237,67.87292654995053,26.28131314175928
143.07090404739347,49.50555173404429,1026.125705263288,12.849375213901524,185.4868562960845,27.859245990278477
160.4900922583689,52.44593565073832,1054.5490212592983,17.905233490972357,359.6940777874101,26.172952020012804
159.17861947054777,54.16764480804462,1075.5577465123674,15.59631693198105,499.3964679078273,33.213241501208415
150.18433933065393,47.32018277442976,1050.5731517704178,15.993747181015197,482.1766170179933,27.7621736205732
150.3526355197173,43.87850881855317,1037.134120917986,18.794577389546223,397.5057684642352,26.598508929580937
142.07127167737656,41.19618620422091,1074.3623077667964,19.105944049003327,40.7236064455796,31.27166844733196
167.97686526849523,49.8673937037547,1012.8876270071376,10.844376360287606,53.41049648199531,25.123367899313816
135.14439626963028,45.544038872923565,1040.7075881059134,11.413787094930846,458.3780015593734,30.113089719371768
165.47505201330063,53.967443602761065,944.8853925081788,14.985910029038893,194.69488983343675,33.03082376050805
151.3074057728609,56.18046587605219,995.9238663449177,16.29297907545154,474.1847763944595,25.976805860095293
155.60784526368235,47.852972294373735,990.4548104136352,15.850889728368344,390.0240435200217,29.853104907424648
157.8708460374245,61.45471286295371,1012.3252389216002,15.911808390341406,205.365771745506,25.83210380936703
145.88123033877534,51.83682753408089,1026.7314543061218,14.93543877790106,171.19756164792983,30.102088759040043
142.21695274597687,59.190918383975614,975.7347082316064,10.367712274062246,50.077498753383466,28.15638364892672
144.00624977046226,52.68326376263643,1008.84104360697,16.139520714397293,350.78263280147115,28.7140364192504
142.9565630945724,53.17360734280885,1100.6135222850382,13.16735816185316,14.06075313896188,29.61436112024413
155.76556963055765,49.39525925696109,988.4566813077616,16.9556310993724,128.73960824623464,33.87227527236728
164.0934744018558,50.38425941479384,1042.257898559216,15.538589505161468,96.15788639217526,22.339351211832305
144.37533224105732,58.47525520215376,962.671082672988,14.004858323229586,8.33577529981655,32.07022102900984
154.04050856814538,44.800470364372345,1082.1336476627982,15.722834634546206,43.35328379782011,31.81137156083368
145.91924626978448,48.59336221440893,979.594958041989,15.10332195370216,420.174088794254,29.175464097990623
144.23096344337597,46.23291064826908,1051.7624667361877,15.278120797306835,120.82946040959258,31.102531231621807
148.61735698828815,54.62316841456384,992.774066464224,13.279229978440997,42.70151508136083,26.20798149615791
157.08356447299354,52.33846585882716,988.5225672319826,12.3344452050407,126.59945350640513,30.129122612551164
140.33023856870787,46.86641387705018,1036.62460513899,21.30411346902417,424.1015642764477,31.35620351477901
170.75400798645438,46.263941604260886,1004.284358070168,13.486472045968148,94.1160998845228,32.684731668080474
147.80328112162488,48.2567393279607,1000.0263979428298,17.401063316947745,454.41324885843113,28.17598157118803
140.62174960084877,50.20295845601941,1023.6203138940188,13.646009723082935,166.36473825518954,27.455803205908477
158.2254491210319,47.58406768850313,1053.010495374944,15.117968443179194,183.3991603231342,32.77052584814211
134.29775280109544,43.39988744389648,985.7562253315164,15.943084760836411,368.0177002130328,27.005363224465786
150.48521627944828,50.442034431459234,932.4462816895988,16.00048093887314,19.97398664304717,32.57369647587403
156.86051459998438,44.48395817139159,996.8904491500344,17.76906409518781,315.861209163292,30.04035109385788
144.6974238162756,52.82754822815773,1034.102603285631,9.141102619995465,319.4815109866423,32.45811980441822
152.24092481810416,49.86347730245034,973.2099268473852,13.948240648209593,15.176902766502131,30.81903215248316
159.68644990532889,49.8138888174508,1015.0237179805414,16.519424590968338,234.2784972955673,28.577465474688104
144.36275447196024,50.85208111187744,966.9839430263276,18.592721645853928,136.7372576874899,31.360756570527656
151.46713686433324,57.99323585252358,1086.2348324880554,16.42109820459557,412.7674207602078,24.7605998232629
162.01213922163944,53.684219485462165,955.2326838818489,16.916771639684086,293.8992246858424,24.57887581520455
152.32049937357635,42.575510157750486,1054.8576355876849,18.256937109544644,157.81660768357614,28.022882175334065
142.72862824175132,46.94115454547357,987.191012375231,11.3377102433233,160.0080565436959,29.991641667999296
148.852635585331,48.98209819948819,1029.2206490236242,20.736806111333536,481.0292494706758,37.18308570174735
130.86719755342202,46.55406090955216,953.0048449445568,12.205763629774015,252.4557256250696,31.95699101453004
150.2100384163276,43.4408188382492,1021.0793305307228,15.832892076202905,483.48425730915767,30.24324762870247
157.56988616645353,49.0855177944758,906.1723646979062,13.352129026056,320.22363699662645,25.76682950680176
168.76170839215885,57.807555983634266,953.7883427865848,15.156286125939294,477.3331784395344,28.661038454296964
150.10233061019588,48.41795775152599,1001.7076208744012,16.442270725091163,268.77007182017314,34.82273491919853
158.2206015999449,56.921364092552594,959.4571244394832,14.22015258688111,19.20043866317228,29.0437550542616
149.50536290347566,49.35731244280535,1014.7812244373548,13.77135371180741,355.2109075062059,27.652204207744237
147.52822617479404,55.94456685737322,1003.6018430641872,11.049024457565723,119.16860531399848,29.67908559042456
123.03113357058427,49.06427867497726,981.4745950704986,15.517322295710777,46.50870463133749,28.19416667419447
150.82283989275425,48.94434880586153,1019.6898649108126,14.204640612770792,359.349632986398,33.11581820762645
142.43649254715697,51.12342362875943,972.522143204571,12.978803560142174,56.25156526331588,27.67237553050055
157.85800158650832,45.14171632729357,1013.2010040666836,17.725125705424905,267.8444852280149,30.92402970665202
143.49357430878172,49.14907688737536,945.74247367211,13.996431614376936,325.0935832228267,32.08896858624097
140.81348053515802,51.16608065631751,953.7767005935224,13.94340590667404,187.91060950397048,29.70742384876313
158.65755194170123,44.92621634653567,921.7879194144474,17.11745705976776,226.41240264216336,27.939853970990114
129.61875464822143,50.33495358612436,950.2092302604884,15.458149376411406,8.7491069936943,29.861216348200973
167.94557863517787,56.97841905394978,954.5158291509084,17.383798668827147,3.545906387185493,34.00165723650172
158.71124703431693,37.87879869863529,953.7287686970208,10.620156590042892,92.12432578633712,25.10395534492075
147.59674601841866,47.67691351350803,1023.4633794904264,19.970379833357786,218.88252749406425,35.879511764234024
134.85152775314134,45.15827772568183,1029.427663488536,18.65924040343217,413.2323047460915,29.55838416394321
153.80197851005963,42.47639812984499,939.8399572305428,12.914844610658848,203.3868742860026,27.995570855016695
148.1509786355701,50.89790890969799,1066.4466659767704,14.554558598446786,360.5273304489359,36.24798096632939
147.50963960443622,53.2414021692193,1036.0781252563072,12.43083146860006,24.65449355491234,32.17240967794349
138.7094822878277,49.87902196804542,984.8977250255068,14.212940288060542,390.3496520858144,34.91021988549192
152.7045682577984,44.29155442933248,1024.0933030859246,17.441642597626096,413.1951558002776,29.228099998146632
153.31263431403565,52.71800077297216,1013.1280664500964,12.595700947847822,279.6090658842291,31.59307828468263
166.44967713501285,46.0755084345888,1015.1909297802438,13.565967701744128,56.198513588006485,25.99241278749416
152.89774856896412,49.89316352825782,949.3052023853731,15.465573485880329,93.29504843658376,28.381226337788604
141.6764442689577,56.962326500321645,964.10405546262,12.208421595615029,307.24973012759625,29.47166269812041
142.44617067646678,52.50547084969923,942.4492958190248,15.35695332777078,248.37171400299223,35.00976834421392
171.22156197012634,40.03132178714272,927.441215497422,16.277320337286206,27.483153419911037,23.776540946951062
147.74223699513465,47.13149998030711,1013.8688468979096,14.0736772758292,58.986241814030784,29.25674274528087
158.13509636000637,52.78905153175931,1024.8871544545698,12.970481013628296,255.546910736199,30.138237664899453
138.0212210741115,53.365906756349794,1023.6001135459636,12.656691305364877,66.70816776160355,25.551046704052744
140.2531832977268,37.50297142563213,944.4271021531484,13.78699322356852,350.548793682135,30.980566201831312
151.9905969557347,61.59664769990847,1033.9686641478252,17.34039741839321,224.97183713442985,26.463229526105025
161.1729583158813,56.87219046585409,1087.3681598957778,13.777229505222744,64.45129253674948,27.07079985400861
158.56398794323474,43.32987252540898,1023.1086333040972,16.424644319160326,27.305151606734523,34.907393418407445
151.5039378647621,51.49646290203246,962.0752332649964,13.872105023883512,195.45871342058112,30.047093387873275
146.9082787653136,42.07932028497255,911.1876833266774,16.027228928462193,334.63414587541746,31.376982005022874
162.7767682189851,60.825011724505416,954.1248589492868,13.335877390300286,493.6842361561,28.482101403036435
164.79944138890025,62.79099642834126,965.5136112967912,14.573086441299123,139.56523538713483,31.24747988836603
144.93056824628871,55.95323137393171,973.698257866621,17.4600011454383,193.1438525727726,32.18682358371135
168.1244855799693,52.75742688020234,990.1766708285952,13.894158325265396,72.15602184374076,32.24094252031413
155.4709738117004,55.42947782915789,1026.7252824240277,18.522376249734748,112.19148989989776,30.744975427547647
144.53141058759607,49.40965736504461,955.2465078861698,13.543845804289358,268.637836834019,34.19845928091703
134.49336568933867,51.60678607725136,1021.9237869404864,14.821531691557102,321.38870673996394,31.342181811206927
144.56575228866234,46.96089006452784,952.58259978879,15.624756420933144,341.33557623137966,29.1674591434193
142.01702755461545,48.92539484855632,1022.9193351775742,15.315522878587538,439.69652840359777,25.69123840521565
147.65412866624854,51.73244237948996,1040.8944829012514,16.159714570590264,282.70796987626903,29.62793583783001
164.5114360779504,43.140494285343216,1008.0009112926392,17.901855096558425,36.33279379057836,28.489291143276848
153.28751109659686,51.19394579513257,992.6109840591264,17.437941579587328,112.89477607531455,34.12174315563435
144.46350694652818,56.44876377041373,1024.9842555151467,15.037638099481196,272.71397510585655,28.59972356414568
149.87753227153087,57.65375416171849,985.3016526167908,16.82754324277117,479.06905990224806,32.06749337122301
146.84730755359655,48.52525160853986,976.4978926120248,16.471243994491495,491.8557916045759,27.797300034086888
156.14166700043424,58.34952252175703,961.8356947910708,14.176353262072686,264.09463087817807,33.75762219308769
140.9061254520526,55.9351515278019,1039.2302143949012,13.77566616569036,464.70174192457694,30.634189702411977
174.45751979616827,49.09760043204688,1029.9397194780954,16.385711511635623,250.3097661669655,29.384147941511245
164.65648768921554,52.6141774401775,1002.9966315133164,17.400523499477657,417.0820541042207,30.92203685012391
144.77276979480962,51.7531504963678,1019.3404260344602,17.130343931428772,128.57617555454792,31.292587257045117
165.38036566465968,52.3852041361156,1061.8065360903108,18.40502931625921,383.1736065523262,24.94599726832084
168.8618590121053,53.063869525312846,954.9689632676066,12.413716912482704,269.1815510505114,28.8243697038394
164.41273289066115,55.45655060297135,1017.3838241769168,14.568664724904735,45.66286716677853,32.23095532662052
152.02923020851298,49.32845629264726,973.43928526962,14.096101256176244,124.14373981542298,27.37247278051467
150.74094780419776,51.4128997524415,981.523653558332,16.778074244559782,161.40489672392516,32.87379616564705
146.5728548347323,60.44187352390364,956.5168459362652,18.29896178864784,222.9127749135081,24.934484435794506
